Datetime,Wind_Direction,Wind_SpeedAvg,Wind_SpeedMax,Temp,Humidity,Pressure
2020-12-07 12:50,0.0,2.235,3.576,8.33,19.0,636.3
2020-12-07 12:55,45.0,0.894,3.129,15.56,15.0,636.0
2020-12-07 13:00,45.0,2.682,4.917,23.89,9.0,635.8
2020-12-07 13:05,45.0,2.235,4.023,28.89,8.0,635.8
2020-12-07 13:10,45.0,3.129,6.259,31.67,7.0,635.8
2020-12-07 13:15,45.0,1.341,3.576,34.44,7.0,635.7
2020-12-07 13:20,45.0,2.235,3.576,37.78,7.0,635.7
2020-12-07 13:25,45.0,1.788,4.023,39.44,6.0,635.5
2020-12-07 13:30,0.0,2.235,4.47,38.89,6.0,635.3
2020-12-07 13:35,0.0,1.788,2.682,38.33,6.0,635.2
2020-12-07 13:45,45.0,3.129,6.259,32.22,6.0,635.2
2020-12-07 13:50,45.0,2.235,4.917,32.22,6.0,635.0
2020-12-07 13:55,0.0,2.682,4.917,30.0,6.0,635.1
2020-12-07 14:00,45.0,2.682,4.917,27.22,6.0,635.1
2020-12-07 14:05,45.0,2.235,5.364,25.0,7.0,635.0
2020-12-07 14:10,0.0,2.682,5.364,23.89,7.0,635.1
2020-12-07 14:15,0.0,1.341,4.47,23.89,7.0,634.9
2020-12-07 14:20,0.0,0.447,4.47,24.44,7.0,634.9
2020-12-07 14:25,45.0,2.235,4.47,22.78,8.0,634.9
2020-12-07 14:30,45.0,1.788,4.917,20.56,8.0,635.0
2020-12-07 14:35,45.0,1.788,3.129,19.44,9.0,635.0
2020-12-07 14:40,45.0,1.341,3.129,18.33,10.0,634.8
2020-12-07 14:50,0.0,1.341,3.576,11.67,15.0,634.4
2020-12-07 14:55,45.0,1.788,3.576,6.67,19.0,634.5
2020-12-07 15:00,0.0,1.788,2.682,6.11,21.0,634.5
2020-12-07 15:05,225.0,0.894,2.235,7.22,21.0,634.5
2020-12-07 15:10,270.0,1.788,3.576,13.33,17.0,634.3
2020-12-07 15:15,225.0,0.894,4.47,16.67,15.0,634.4
2020-12-07 15:20,225.0,1.788,4.023,20.0,13.0,634.3
2020-12-07 15:30,270.0,1.788,3.576,18.33,12.0,634.5
2020-12-07 15:35,225.0,2.235,4.47,16.67,13.0,634.6
2020-12-07 15:40,225.0,2.682,4.917,15.56,13.0,634.6
2020-12-07 15:45,225.0,2.235,4.47,14.44,13.0,634.7
2020-12-07 15:50,225.0,2.235,3.576,13.33,13.0,634.6
2020-12-07 15:55,225.0,1.788,3.576,12.78,13.0,634.7
2020-12-07 16:00,270.0,1.788,3.576,12.22,13.0,634.6
2020-12-07 16:05,270.0,1.788,2.682,12.22,13.0,634.5
2020-12-07 16:10,225.0,0.894,3.129,12.22,13.0,634.5
2020-12-07 16:15,270.0,0.894,1.788,12.22,13.0,634.5
2020-12-07 16:20,270.0,0.894,2.682,11.67,13.0,634.6
2020-12-07 16:25,225.0,0.894,2.682,11.11,13.0,634.6
2020-12-07 16:30,270.0,0.894,2.682,10.56,13.0,634.5
2020-12-07 16:35,270.0,0.894,2.235,10.56,13.0,634.6
2020-12-07 16:40,225.0,0.894,2.235,10.0,13.0,634.5
2020-12-07 16:45,225.0,1.341,2.235,10.0,14.0,634.5
2020-12-07 16:50,270.0,1.341,2.682,9.44,14.0,634.4
2020-12-07 16:55,270.0,1.341,2.235,9.44,14.0,634.5
2020-12-07 17:00,225.0,0.894,2.235,8.89,14.0,634.7
2020-12-07 17:05,225.0,1.341,2.235,8.89,14.0,634.7
2020-12-07 17:10,225.0,0.894,2.235,8.33,14.0,634.7
2020-12-07 17:15,270.0,0.894,1.788,8.33,14.0,634.7
2020-12-07 17:20,225.0,0.894,1.788,7.78,14.0,634.7
2020-12-07 17:25,225.0,1.341,2.235,7.78,14.0,634.7
2020-12-07 17:30,225.0,1.341,2.235,7.78,14.0,634.6
2020-12-07 17:35,225.0,0.894,1.788,7.78,14.0,634.6
2020-12-07 17:40,225.0,0.0,1.788,7.78,14.0,634.5
2020-12-07 17:45,270.0,0.447,0.894,7.78,14.0,634.6
2020-12-07 17:50,225.0,0.447,1.788,7.78,14.0,634.6
2020-12-07 17:55,225.0,0.447,0.894,7.78,14.0,634.7
2020-12-07 18:00,225.0,0.894,1.788,7.78,14.0,634.9
2020-12-07 18:05,225.0,1.341,2.235,7.78,14.0,634.9
2020-12-07 18:10,225.0,0.894,2.235,7.22,14.0,634.9
2020-12-07 18:15,270.0,0.894,2.235,7.22,14.0,635.0
2020-12-07 18:20,225.0,0.894,1.788,7.22,14.0,635.0
2020-12-07 18:25,225.0,0.447,1.788,7.22,14.0,635.1
2020-12-07 18:30,225.0,0.447,0.894,7.22,14.0,635.1
2020-12-07 18:35,225.0,0.0,0.894,7.22,14.0,635.2
2020-12-07 18:40,225.0,0.0,0.894,7.22,14.0,635.2
2020-12-07 18:45,225.0,0.0,0.0,7.78,14.0,635.2
2020-12-07 18:50,225.0,0.0,0.447,7.78,14.0,635.2
2020-12-07 18:55,270.0,0.0,0.447,7.78,14.0,635.2
2020-12-07 19:00,270.0,0.0,0.447,7.78,14.0,635.1
2020-12-07 19:05,225.0,0.447,0.894,7.78,14.0,635.2
2020-12-07 19:10,270.0,0.0,0.894,7.78,14.0,635.3
2020-12-07 19:15,225.0,0.0,0.894,7.22,14.0,635.4
2020-12-07 19:20,225.0,0.0,0.447,7.22,14.0,635.4
2020-12-07 19:25,270.0,0.447,0.894,7.78,14.0,635.4
2020-12-07 19:30,225.0,1.341,2.235,7.22,14.0,635.4
2020-12-07 19:35,225.0,0.894,2.235,7.22,14.0,635.4
2020-12-07 19:40,225.0,0.894,1.788,7.22,14.0,635.5
2020-12-07 19:45,225.0,0.894,2.235,6.67,14.0,635.6
2020-12-07 19:50,225.0,1.341,2.235,6.67,14.0,635.7
2020-12-07 19:55,225.0,1.341,2.235,6.67,14.0,635.7
2020-12-07 20:00,225.0,0.894,2.235,6.67,14.0,635.8
2020-12-07 20:05,225.0,0.894,1.788,6.67,14.0,635.9
2020-12-07 20:10,225.0,0.894,1.341,6.67,14.0,635.9
2020-12-07 20:15,270.0,0.447,1.341,6.67,14.0,635.9
2020-12-07 20:20,270.0,0.0,0.894,7.22,14.0,635.9
2020-12-07 20:25,270.0,0.0,0.0,7.22,14.0,636.0
2020-12-07 20:30,270.0,0.0,0.0,7.78,14.0,636.0
2020-12-07 20:35,270.0,0.0,0.0,7.78,13.0,636.0
2020-12-07 20:40,135.0,0.447,0.894,7.78,13.0,636.0
2020-12-07 20:45,90.0,0.894,1.341,7.78,13.0,635.9
2020-12-07 20:50,90.0,1.788,2.682,7.22,14.0,636.0
2020-12-07 20:55,45.0,1.341,3.576,6.67,14.0,636.1
2020-12-07 21:00,90.0,2.235,3.576,6.67,14.0,636.0
2020-12-07 21:05,90.0,2.235,3.129,6.67,14.0,636.0
2020-12-07 21:10,90.0,2.682,4.023,6.67,14.0,636.0
2020-12-07 21:15,90.0,2.682,4.023,6.11,14.0,636.1
2020-12-07 21:20,90.0,3.129,4.917,6.11,14.0,636.0
2020-12-07 21:25,90.0,3.129,4.47,5.56,15.0,636.0
2020-12-07 21:30,90.0,3.129,4.023,5.56,15.0,636.1
2020-12-07 21:35,90.0,2.235,3.576,5.56,15.0,636.0
2020-12-07 21:40,90.0,2.235,4.023,5.56,15.0,636.1
2020-12-07 21:45,90.0,1.788,3.576,5.56,15.0,636.1
2020-12-07 21:50,45.0,2.235,4.023,5.56,15.0,636.0
2020-12-07 21:55,90.0,1.788,3.129,5.56,15.0,636.0
2020-12-07 22:00,90.0,2.235,3.576,5.56,15.0,636.0
2020-12-07 22:05,90.0,2.235,3.129,5.56,15.0,636.1
2020-12-07 22:10,90.0,1.788,3.129,5.56,15.0,636.1
2020-12-07 22:15,90.0,1.788,3.129,5.56,15.0,636.1
2020-12-07 22:20,90.0,1.788,3.129,5.56,15.0,636.1
2020-12-07 22:25,90.0,1.341,3.129,5.56,15.0,636.1
2020-12-07 22:30,45.0,1.788,2.235,5.56,15.0,636.0
2020-12-07 22:35,90.0,1.788,2.682,5.56,15.0,636.1
2020-12-07 22:40,90.0,1.341,3.129,5.56,15.0,636.1
2020-12-07 22:45,90.0,1.788,2.682,5.56,15.0,636.1
2020-12-07 22:50,90.0,1.788,2.682,5.56,15.0,636.0
2020-12-07 22:55,90.0,1.341,2.682,5.56,15.0,636.0
2020-12-07 23:00,90.0,2.235,3.576,5.56,15.0,636.1
2020-12-07 23:05,90.0,1.788,3.129,5.56,15.0,636.0
2020-12-07 23:10,90.0,2.235,3.129,5.56,15.0,635.9
2020-12-07 23:15,90.0,1.788,3.129,5.56,15.0,636.0
2020-12-07 23:20,90.0,1.788,3.129,5.56,15.0,636.0
2020-12-07 23:25,90.0,2.235,3.129,5.56,15.0,635.9
2020-12-07 23:30,90.0,2.235,4.47,5.56,15.0,635.9
2020-12-07 23:35,90.0,1.788,3.129,5.56,15.0,635.9
2020-12-07 23:40,90.0,1.788,3.129,5.56,15.0,635.8
2020-12-07 23:45,90.0,2.235,3.576,5.0,15.0,635.9
2020-12-07 23:50,90.0,1.788,3.129,5.0,15.0,635.9
2020-12-07 23:55,90.0,1.788,2.682,5.0,15.0,635.8
2020-12-08 00:00,90.0,1.341,2.682,5.0,15.0,635.8
2020-12-08 00:05,90.0,1.788,2.235,5.0,15.0,635.8
2020-12-08 00:10,45.0,2.235,3.129,5.0,15.0,635.8
2020-12-08 00:15,90.0,1.788,2.682,5.0,15.0,635.8
2020-12-08 00:20,90.0,0.894,3.129,5.0,15.0,635.7
2020-12-08 00:25,90.0,0.894,2.235,5.0,15.0,635.8
2020-12-08 00:30,90.0,1.341,2.235,5.0,15.0,635.7
2020-12-08 00:35,90.0,0.894,2.235,5.0,15.0,635.8
2020-12-08 00:40,90.0,0.894,2.235,5.0,15.0,635.8
2020-12-08 00:45,90.0,0.894,1.788,5.0,15.0,635.7
2020-12-08 00:50,90.0,0.894,1.788,5.0,15.0,635.8
2020-12-08 00:55,90.0,1.341,2.682,5.0,15.0,635.7
2020-12-08 01:00,90.0,1.341,2.235,5.0,15.0,635.7
2020-12-08 01:05,90.0,0.894,2.235,5.0,15.0,635.7
2020-12-08 01:10,90.0,0.894,2.235,5.0,15.0,635.7
2020-12-08 01:15,90.0,0.894,1.788,5.0,15.0,635.6
2020-12-08 01:20,45.0,1.341,1.788,5.0,15.0,635.5
2020-12-08 01:25,45.0,0.894,2.235,5.56,15.0,635.5
2020-12-08 01:30,90.0,1.788,3.129,5.56,15.0,635.5
2020-12-08 01:35,90.0,1.341,2.235,5.56,15.0,635.5
2020-12-08 01:40,45.0,0.894,2.235,5.0,15.0,635.5
2020-12-08 01:45,45.0,0.894,1.788,5.0,15.0,635.5
2020-12-08 01:50,45.0,0.447,0.894,5.0,15.0,635.5
2020-12-08 01:55,270.0,0.0,0.894,5.56,15.0,635.4
2020-12-08 02:00,270.0,0.0,0.894,5.0,15.0,635.4
2020-12-08 02:05,270.0,0.0,0.0,5.56,15.0,635.4
2020-12-08 02:10,270.0,0.0,0.0,5.56,15.0,635.3
2020-12-08 02:15,270.0,0.0,0.0,5.56,15.0,635.3
2020-12-08 02:20,180.0,0.0,0.447,5.56,15.0,635.2
2020-12-08 02:25,135.0,0.0,0.447,5.56,15.0,635.2
2020-12-08 02:30,45.0,0.447,0.894,5.0,15.0,635.1
2020-12-08 02:35,90.0,0.0,0.894,5.0,15.0,635.2
2020-12-08 02:40,135.0,0.0,0.447,5.0,15.0,635.2
2020-12-08 02:45,180.0,0.0,0.894,5.56,15.0,635.1
2020-12-08 02:50,180.0,0.0,0.447,5.56,15.0,635.0
2020-12-08 02:55,180.0,0.0,0.0,5.56,15.0,634.9
2020-12-08 03:00,270.0,0.0,0.0,5.56,15.0,635.0
2020-12-08 03:05,270.0,0.0,0.0,5.56,15.0,634.9
2020-12-08 03:10,270.0,0.0,0.0,5.56,15.0,635.0
2020-12-08 03:15,270.0,0.447,0.894,5.56,15.0,634.9
2020-12-08 03:20,270.0,0.0,0.894,5.56,15.0,634.9
2020-12-08 03:25,270.0,0.0,0.447,5.0,15.0,634.9
2020-12-08 03:30,270.0,0.0,0.447,5.0,15.0,634.9
2020-12-08 03:35,270.0,0.0,0.447,5.0,15.0,634.9
2020-12-08 03:40,270.0,0.0,0.447,5.0,15.0,634.9
2020-12-08 03:45,270.0,0.0,0.0,5.56,15.0,634.9
2020-12-08 03:50,270.0,0.0,0.0,5.56,15.0,634.9
2020-12-08 03:55,270.0,0.0,0.0,5.56,14.0,634.9
2020-12-08 04:00,270.0,0.0,0.447,5.56,15.0,634.8
2020-12-08 04:05,270.0,0.0,0.0,5.56,15.0,634.8
2020-12-08 04:10,270.0,0.0,0.0,5.56,15.0,634.8
2020-12-08 04:15,270.0,0.0,0.0,6.11,15.0,634.7
2020-12-08 04:20,270.0,0.0,0.0,6.11,14.0,634.7
2020-12-08 04:25,90.0,0.0,0.447,6.11,14.0,634.7
2020-12-08 04:30,45.0,0.894,0.894,6.11,14.0,634.8
2020-12-08 04:35,45.0,0.894,1.341,5.56,15.0,634.8
2020-12-08 04:40,45.0,0.894,1.788,5.56,15.0,634.7
2020-12-08 04:45,90.0,0.447,1.788,5.0,15.0,634.7
2020-12-08 04:50,90.0,0.894,1.341,5.0,15.0,634.8
2020-12-08 04:55,90.0,0.894,1.788,4.44,15.0,634.8
2020-12-08 05:00,90.0,1.788,2.235,4.44,15.0,634.8
2020-12-08 05:05,90.0,1.788,2.235,3.89,15.0,634.7
2020-12-08 05:10,90.0,1.341,2.682,3.89,16.0,634.7
2020-12-08 05:15,90.0,1.341,2.235,3.89,16.0,634.8
2020-12-08 05:20,90.0,0.894,2.235,3.89,16.0,634.7
2020-12-08 05:25,135.0,0.447,0.894,3.89,15.0,634.7
2020-12-08 05:30,135.0,0.894,1.788,3.89,15.0,634.8
2020-12-08 05:35,45.0,0.447,0.894,3.89,16.0,634.7
2020-12-08 05:40,0.0,0.447,0.894,3.89,15.0,634.7
2020-12-08 05:45,0.0,0.447,0.894,3.89,15.0,634.7
2020-12-08 05:50,225.0,0.447,1.341,3.89,15.0,634.7
2020-12-08 05:55,225.0,0.0,0.894,3.33,16.0,634.7
2020-12-08 06:00,225.0,0.0,0.447,3.33,16.0,634.7
2020-12-08 06:05,180.0,0.0,0.0,3.33,15.0,634.7
2020-12-08 06:10,45.0,0.0,0.447,3.33,15.0,634.8
2020-12-08 06:15,90.0,0.0,0.447,3.33,15.0,634.9
2020-12-08 06:20,45.0,0.0,0.447,3.33,15.0,634.8
2020-12-08 06:25,90.0,0.894,1.341,3.33,15.0,634.8
2020-12-08 06:30,45.0,0.447,0.894,3.33,15.0,634.8
2020-12-08 06:35,90.0,0.894,1.341,3.33,15.0,634.8
2020-12-08 06:40,0.0,0.0,0.894,3.33,16.0,635.0
2020-12-08 06:45,90.0,0.894,1.788,2.78,16.0,634.8
2020-12-08 06:50,45.0,0.447,1.788,2.78,16.0,634.9
2020-12-08 06:55,90.0,0.894,1.788,2.78,16.0,634.8
2020-12-08 07:00,0.0,0.0,1.788,2.78,16.0,634.9
2020-12-08 07:05,90.0,0.0,0.894,3.33,16.0,634.9
2020-12-08 07:10,180.0,0.0,0.894,3.33,15.0,634.9
2020-12-08 07:15,90.0,0.894,0.894,3.33,15.0,634.9
2020-12-08 07:20,315.0,0.0,0.894,3.33,15.0,635.1
2020-12-08 07:25,0.0,0.0,1.341,3.33,15.0,635.0
2020-12-08 07:30,225.0,0.0,1.341,3.33,15.0,635.2
2020-12-08 07:35,135.0,0.894,1.788,3.33,16.0,635.2
2020-12-08 07:40,135.0,0.0,0.894,3.89,16.0,635.3
2020-12-08 07:45,90.0,0.0,0.894,3.89,16.0,635.3
2020-12-08 07:50,45.0,0.894,1.341,3.89,16.0,635.3
2020-12-08 07:55,90.0,0.0,1.341,4.44,16.0,635.3
2020-12-08 08:00,135.0,0.894,0.894,5.0,16.0,635.3
2020-12-08 08:05,225.0,0.0,0.894,5.0,16.0,635.3
2020-12-08 08:10,180.0,0.0,0.447,5.56,16.0,635.3
2020-12-08 08:15,180.0,0.0,0.894,5.56,15.0,635.2
2020-12-08 08:20,180.0,0.0,0.894,5.56,15.0,635.2
2020-12-08 08:25,180.0,0.0,0.894,6.11,15.0,635.2
2020-12-08 08:30,180.0,0.0,0.894,6.11,15.0,635.3
2020-12-08 08:35,225.0,0.0,0.447,6.11,15.0,635.2
2020-12-08 08:40,225.0,0.0,0.894,6.67,15.0,635.2
2020-12-08 08:45,270.0,0.0,0.894,6.67,15.0,635.2
2020-12-08 08:50,225.0,0.447,0.894,7.22,15.0,635.2
2020-12-08 08:55,225.0,0.0,0.894,7.22,15.0,635.3
2020-12-08 09:00,270.0,0.894,0.894,7.78,15.0,635.2
2020-12-08 09:05,270.0,0.447,0.894,7.78,15.0,635.2
2020-12-08 09:10,225.0,0.0,0.894,7.78,15.0,635.0
2020-12-08 09:15,225.0,0.894,1.341,8.33,16.0,635.1
2020-12-08 09:20,225.0,0.0,1.788,12.22,17.0,635.0
2020-12-08 09:25,225.0,1.341,2.235,15.0,15.0,635.2
2020-12-08 09:30,225.0,0.447,2.235,15.0,15.0,635.0
2020-12-08 09:35,270.0,1.341,2.235,14.44,15.0,635.1
2020-12-08 09:40,225.0,1.341,3.129,13.33,15.0,635.2
2020-12-08 09:45,225.0,0.894,2.235,12.22,15.0,635.1
2020-12-08 09:50,270.0,0.894,1.788,11.67,15.0,635.2
2020-12-08 09:55,180.0,0.0,1.788,11.67,15.0,635.2
2020-12-08 10:00,225.0,0.894,0.894,11.67,15.0,635.1
2020-12-08 10:05,270.0,0.0,1.788,11.67,15.0,635.0
2020-12-08 10:10,225.0,0.0,0.894,12.22,15.0,635.0
2020-12-08 10:15,270.0,0.0,0.894,12.78,15.0,634.9
2020-12-08 10:20,270.0,0.0,0.894,13.33,15.0,634.9
2020-12-08 10:25,270.0,0.0,0.894,13.89,15.0,634.9
2020-12-08 10:30,225.0,0.894,1.341,14.44,14.0,634.8
2020-12-08 10:35,270.0,0.894,2.235,13.89,14.0,634.8
2020-12-08 10:40,225.0,0.894,1.788,14.44,15.0,634.7
2020-12-08 10:45,225.0,1.341,2.235,15.56,15.0,634.7
2020-12-08 10:50,225.0,0.894,2.682,15.56,14.0,634.7
2020-12-08 10:55,225.0,1.341,2.682,15.0,15.0,634.6
2020-12-08 11:00,270.0,0.894,1.788,14.44,15.0,634.5
2020-12-08 11:05,225.0,0.894,2.235,14.44,15.0,634.5
2020-12-08 11:10,270.0,0.0,2.235,14.44,15.0,634.4
2020-12-08 11:15,225.0,0.894,1.341,15.0,15.0,634.4
2020-12-08 11:20,270.0,0.0,2.235,15.0,15.0,634.4
2020-12-08 11:25,270.0,1.788,3.129,15.56,15.0,634.4
2020-12-08 11:30,270.0,1.788,3.129,15.0,15.0,634.4
2020-12-08 11:35,270.0,1.788,3.576,15.0,15.0,634.4
2020-12-08 11:40,270.0,0.0,2.235,15.0,15.0,634.1
2020-12-08 11:45,270.0,0.894,1.788,15.56,15.0,634.2
2020-12-08 11:50,225.0,0.447,3.576,15.0,15.0,634.2
2020-12-08 11:55,225.0,1.341,2.235,14.44,15.0,634.2
2020-12-08 12:00,225.0,0.0,1.788,14.44,15.0,634.1
2020-12-08 12:05,225.0,0.894,1.788,15.0,15.0,634.0
2020-12-08 12:10,225.0,0.447,1.788,15.56,15.0,633.9
2020-12-08 12:15,225.0,0.894,1.788,16.11,15.0,633.9
2020-12-08 12:20,225.0,0.447,1.788,16.11,15.0,633.7
2020-12-08 12:25,225.0,0.0,1.341,16.67,15.0,633.7
2020-12-08 12:30,225.0,0.447,2.235,20.56,14.0,633.5
2020-12-08 12:35,225.0,0.447,0.894,21.11,14.0,633.5
2020-12-08 12:40,225.0,0.0,2.235,20.56,14.0,633.4
2020-12-08 12:45,225.0,0.447,1.788,20.56,14.0,633.4
2020-12-08 12:50,225.0,0.894,2.235,20.0,14.0,633.3
2020-12-08 12:55,225.0,1.341,2.682,18.89,14.0,633.3
2020-12-08 13:00,225.0,1.788,3.576,18.89,15.0,633.2
2020-12-08 13:05,225.0,1.788,4.023,19.44,14.0,633.2
2020-12-08 13:10,270.0,0.894,3.129,19.44,14.0,633.0
2020-12-08 13:15,270.0,0.894,2.235,18.89,14.0,632.9
2020-12-08 13:20,225.0,1.341,2.235,18.33,15.0,632.9
2020-12-08 13:25,225.0,2.235,3.129,18.33,15.0,632.8
2020-12-08 13:30,225.0,1.788,2.235,18.89,15.0,632.8
2020-12-08 13:35,225.0,0.894,3.576,20.0,14.0,632.8
2020-12-08 13:40,270.0,1.341,3.576,20.0,14.0,632.8
2020-12-08 13:45,270.0,1.341,3.129,21.11,14.0,632.7
2020-12-08 13:50,270.0,1.788,3.576,22.22,14.0,632.6
2020-12-08 13:55,225.0,0.0,3.129,22.78,14.0,632.6
2020-12-08 14:05,270.0,1.341,2.235,23.89,14.0,632.4
2020-12-08 14:10,270.0,2.235,4.023,24.44,13.0,632.3
2020-12-08 14:15,225.0,1.341,3.129,25.0,13.0,632.2
2020-12-08 14:25,270.0,0.894,4.023,30.0,13.0,632.1
2020-12-08 14:30,225.0,2.235,4.917,32.78,13.0,632.2
2020-12-08 14:35,225.0,0.0,1.341,33.89,13.0,632.2
2020-12-08 14:40,225.0,2.235,4.917,35.0,12.0,632.2
2020-12-08 14:50,225.0,2.682,3.576,27.78,13.0,632.1
2020-12-08 14:55,225.0,2.682,4.917,25.0,13.0,632.2
2020-12-08 15:00,270.0,2.682,4.47,25.56,13.0,632.0
2020-12-08 15:05,270.0,2.682,4.47,26.67,13.0,631.9
2020-12-08 15:10,270.0,0.894,3.576,24.44,13.0,632.0
2020-12-08 15:20,225.0,2.235,3.576,21.11,14.0,632.0
2020-12-08 15:25,225.0,1.341,3.576,21.11,14.0,631.9
2020-12-08 15:30,225.0,1.788,3.129,19.44,14.0,631.8
2020-12-08 15:35,270.0,2.235,3.576,19.44,15.0,631.8
2020-12-08 15:40,270.0,2.235,3.576,18.33,15.0,631.8
2020-12-08 15:45,225.0,1.788,4.47,17.22,15.0,631.8
2020-12-08 15:50,270.0,2.235,3.576,16.11,15.0,631.8
2020-12-08 15:55,225.0,1.341,3.576,15.56,15.0,631.8
2020-12-08 16:00,225.0,1.788,4.917,14.44,16.0,631.8
2020-12-08 16:05,225.0,1.341,3.129,13.89,16.0,631.8
2020-12-08 16:10,225.0,1.341,3.129,13.33,16.0,631.8
2020-12-08 16:15,225.0,1.341,2.235,12.78,16.0,631.8
2020-12-08 16:25,225.0,0.894,1.788,12.22,16.0,631.8
2020-12-08 16:30,270.0,1.788,3.129,11.67,16.0,631.8
2020-12-08 16:35,225.0,1.788,3.129,11.67,16.0,631.8
2020-12-08 16:40,270.0,1.341,3.576,11.67,16.0,631.8
2020-12-08 16:45,270.0,1.341,3.129,11.11,16.0,631.8
2020-12-08 16:50,225.0,2.235,3.129,11.11,16.0,631.8
2020-12-08 16:55,270.0,0.894,3.129,10.56,16.0,631.9
2020-12-08 17:00,270.0,0.447,1.788,10.56,16.0,631.9
2020-12-08 17:05,270.0,0.894,2.235,10.56,16.0,631.9
2020-12-08 17:10,270.0,1.341,2.235,10.56,16.0,631.9
2020-12-08 17:15,270.0,0.447,1.788,10.0,16.0,632.0
2020-12-08 17:20,225.0,0.894,4.47,10.0,16.0,632.0
2020-12-08 17:25,225.0,1.341,3.576,10.0,16.0,632.0
2020-12-08 17:30,270.0,0.447,2.682,9.44,16.0,632.0
2020-12-08 17:35,270.0,0.894,2.235,9.44,16.0,632.0
2020-12-08 17:40,225.0,0.894,2.682,9.44,16.0,632.1
2020-12-08 17:45,270.0,0.894,2.682,9.44,16.0,632.2
2020-12-08 17:50,270.0,0.894,3.129,9.44,16.0,632.2
2020-12-08 17:55,225.0,1.341,3.576,9.44,16.0,632.2
2020-12-08 18:00,270.0,1.341,3.129,8.89,16.0,632.2
2020-12-08 18:05,270.0,1.788,3.576,8.89,16.0,632.3
2020-12-08 18:10,270.0,0.894,3.129,8.89,16.0,632.3
2020-12-08 18:15,270.0,1.341,3.576,8.89,16.0,632.4
2020-12-08 18:20,270.0,2.235,3.576,8.89,16.0,632.4
2020-12-08 18:25,270.0,1.788,3.129,8.89,16.0,632.4
2020-12-08 18:30,225.0,0.447,3.129,8.89,16.0,632.4
2020-12-08 18:35,225.0,1.341,2.235,8.89,16.0,632.5
2020-12-08 18:40,270.0,2.235,3.576,8.89,16.0,632.5
2020-12-08 18:45,270.0,1.788,3.576,8.33,16.0,632.5
2020-12-08 18:50,270.0,2.235,4.023,8.33,16.0,632.5
2020-12-08 18:55,225.0,0.894,3.576,8.33,16.0,632.6
2020-12-08 19:00,270.0,1.788,3.129,8.33,16.0,632.6
2020-12-08 19:05,270.0,1.341,2.682,8.33,16.0,632.6
2020-12-08 19:10,270.0,1.341,3.129,8.33,16.0,632.6
2020-12-08 19:15,270.0,2.235,3.576,8.33,16.0,632.6
2020-12-08 19:20,270.0,1.341,2.682,8.33,17.0,632.7
2020-12-08 19:25,270.0,0.894,2.682,8.33,16.0,632.7
2020-12-08 19:30,270.0,0.894,1.788,7.78,16.0,632.7
2020-12-08 19:35,270.0,0.894,3.576,7.78,16.0,632.8
2020-12-08 19:40,225.0,0.894,1.788,7.78,16.0,632.8
2020-12-08 19:45,270.0,0.894,2.235,7.78,16.0,632.8
2020-12-08 19:50,225.0,0.447,1.788,7.78,16.0,632.9
2020-12-08 19:55,225.0,0.0,0.894,7.78,16.0,632.9
2020-12-08 20:00,225.0,0.0,0.447,7.78,16.0,632.9
2020-12-08 20:05,270.0,0.0,0.447,8.33,16.0,632.9
2020-12-08 20:10,225.0,0.0,0.447,8.33,16.0,632.9
2020-12-08 20:15,225.0,0.0,0.0,8.33,16.0,633.0
2020-12-08 20:20,270.0,0.447,0.894,8.33,16.0,633.0
2020-12-08 20:25,225.0,0.0,0.894,8.33,16.0,633.0
2020-12-08 20:30,225.0,0.447,0.894,7.78,16.0,633.0
2020-12-08 20:35,270.0,0.894,1.341,7.78,16.0,633.0
2020-12-08 20:40,270.0,0.894,2.682,7.22,16.0,633.1
2020-12-08 20:45,225.0,0.0,1.341,7.22,16.0,633.1
2020-12-08 20:50,225.0,0.447,0.894,7.22,16.0,633.1
2020-12-08 20:55,225.0,0.447,0.894,7.22,16.0,633.0
2020-12-08 21:00,270.0,0.447,0.894,7.22,16.0,633.0
2020-12-08 21:05,225.0,0.447,0.894,7.22,16.0,633.0
2020-12-08 21:10,270.0,0.0,0.894,7.22,16.0,633.0
2020-12-08 21:15,270.0,0.447,1.341,6.67,16.0,633.1
2020-12-08 21:20,270.0,0.447,1.341,6.67,16.0,633.2
2020-12-08 21:25,225.0,0.0,0.894,7.22,16.0,633.1
2020-12-08 21:30,225.0,0.447,0.894,7.22,16.0,633.1
2020-12-08 21:35,225.0,0.894,1.788,7.22,16.0,633.1
2020-12-08 21:40,225.0,0.447,1.788,6.67,16.0,633.1
2020-12-08 21:45,270.0,0.894,1.788,7.22,16.0,633.1
2020-12-08 21:50,225.0,0.447,1.788,6.67,16.0,633.1
2020-12-08 21:55,225.0,0.0,0.894,7.22,16.0,633.2
2020-12-08 22:00,270.0,0.447,0.894,7.22,16.0,633.1
2020-12-08 22:05,225.0,0.894,1.788,7.22,16.0,633.2
2020-12-08 22:10,270.0,1.341,2.235,6.67,16.0,633.3
2020-12-08 22:15,225.0,0.894,2.235,6.67,17.0,633.3
2020-12-08 22:20,225.0,0.447,2.235,6.67,17.0,633.3
2020-12-08 22:25,225.0,0.447,1.341,6.67,17.0,633.4
2020-12-08 22:30,225.0,0.0,0.894,6.67,17.0,633.4
2020-12-08 22:35,225.0,0.0,0.894,6.67,17.0,633.4
2020-12-08 22:40,225.0,0.0,0.894,6.67,17.0,633.4
2020-12-08 22:45,180.0,0.0,0.447,6.67,17.0,633.4
2020-12-08 22:50,90.0,0.894,0.894,6.67,17.0,633.5
2020-12-08 22:55,90.0,0.447,0.894,6.67,17.0,633.5
2020-12-08 23:00,135.0,0.447,0.894,6.11,17.0,633.5
2020-12-08 23:05,135.0,0.447,1.341,6.11,17.0,633.4
2020-12-08 23:10,135.0,0.0,0.894,5.56,17.0,633.5
2020-12-08 23:15,90.0,0.894,1.341,5.56,17.0,633.4
2020-12-08 23:20,90.0,0.894,1.341,5.56,17.0,633.4
2020-12-08 23:25,90.0,0.447,1.788,5.56,17.0,633.4
2020-12-08 23:30,45.0,0.447,1.341,5.56,17.0,633.5
2020-12-08 23:35,270.0,0.0,0.894,5.56,17.0,633.4
2020-12-08 23:40,270.0,0.447,1.341,5.56,17.0,633.5
2020-12-08 23:45,225.0,0.447,0.894,5.56,17.0,633.4
2020-12-08 23:50,270.0,0.894,1.341,5.56,17.0,633.4
2020-12-08 23:55,270.0,0.0,0.894,5.56,17.0,633.4
2020-12-09 00:00,315.0,0.0,0.447,5.56,17.0,633.4
2020-12-09 00:05,225.0,0.894,1.788,5.56,17.0,633.5
2020-12-09 00:10,225.0,0.447,1.788,5.56,17.0,633.4
2020-12-09 00:15,315.0,0.0,0.894,5.56,17.0,633.3
2020-12-09 00:20,225.0,0.0,0.894,5.56,17.0,633.3
2020-12-09 00:25,225.0,0.894,1.788,5.56,17.0,633.4
2020-12-09 00:30,270.0,0.894,2.235,5.56,17.0,633.4
2020-12-09 00:35,270.0,0.447,1.341,5.0,17.0,633.4
2020-12-09 00:40,225.0,0.0,0.894,5.0,17.0,633.3
2020-12-09 00:45,225.0,0.0,0.447,5.56,17.0,633.2
2020-12-09 00:50,225.0,0.0,0.0,5.56,17.0,633.1
2020-12-09 00:55,225.0,0.0,0.0,5.56,17.0,633.2
2020-12-09 01:00,225.0,0.0,0.0,5.56,17.0,633.3
2020-12-09 01:05,225.0,0.0,0.447,5.56,17.0,633.3
2020-12-09 01:10,225.0,0.0,0.0,5.56,17.0,633.3
2020-12-09 01:15,270.0,0.0,0.0,6.11,17.0,633.3
2020-12-09 01:20,270.0,0.894,1.788,5.56,17.0,633.3
2020-12-09 01:25,225.0,0.894,0.894,5.56,17.0,633.2
2020-12-09 01:30,225.0,0.894,2.235,5.0,17.0,633.2
2020-12-09 01:35,225.0,0.0,0.894,5.0,17.0,633.2
2020-12-09 01:40,225.0,0.0,0.894,5.0,17.0,633.2
2020-12-09 01:45,225.0,0.0,0.447,5.0,17.0,633.3
2020-12-09 01:50,225.0,0.0,0.0,5.0,17.0,633.3
2020-12-09 01:55,315.0,0.0,0.447,5.0,17.0,633.2
2020-12-09 02:00,315.0,0.0,0.0,5.0,17.0,633.2
2020-12-09 02:05,225.0,0.0,0.447,5.0,17.0,633.2
2020-12-09 02:10,225.0,0.0,0.447,5.0,17.0,633.1
2020-12-09 02:15,225.0,0.0,0.0,5.0,17.0,633.2
2020-12-09 02:20,270.0,0.894,1.341,5.0,17.0,633.2
2020-12-09 02:25,225.0,0.0,0.894,4.44,17.0,633.2
2020-12-09 02:30,270.0,0.0,0.894,4.44,17.0,633.2
2020-12-09 02:35,270.0,0.447,0.894,5.0,17.0,633.1
2020-12-09 02:40,270.0,0.0,1.341,5.0,17.0,633.1
2020-12-09 02:45,225.0,0.0,0.894,5.0,17.0,633.0
2020-12-09 02:50,270.0,0.447,0.894,5.0,17.0,633.1
2020-12-09 02:55,270.0,0.447,1.341,5.0,17.0,633.1
2020-12-09 03:00,270.0,0.447,1.788,5.0,17.0,633.1
2020-12-09 03:05,225.0,0.0,0.894,4.44,17.0,633.2
2020-12-09 03:10,225.0,0.447,0.894,4.44,17.0,633.2
2020-12-09 03:15,225.0,0.0,0.894,4.44,18.0,633.2
2020-12-09 03:20,225.0,0.0,0.894,4.44,18.0,633.3
2020-12-09 03:25,270.0,0.0,0.447,5.0,17.0,633.2
2020-12-09 03:30,225.0,0.0,0.447,5.0,17.0,633.3
2020-12-09 03:35,225.0,0.0,0.894,5.0,17.0,633.3
2020-12-09 03:40,225.0,0.0,0.447,5.0,17.0,633.2
2020-12-09 03:45,225.0,0.0,0.894,4.44,18.0,633.2
2020-12-09 03:50,180.0,0.447,0.894,4.44,17.0,633.2
2020-12-09 04:00,270.0,0.894,1.788,2.78,18.0,633.3
2020-12-09 04:05,225.0,0.894,1.788,2.78,18.0,633.3
2020-12-09 04:15,225.0,1.341,2.235,1.67,19.0,633.6
2020-12-09 04:20,225.0,0.894,1.788,1.11,20.0,633.5
                                                2020-11-22 11:55,90.0,0.894,1.788,0.0,21.0,633.4
2020-12-09 04:45,45.0,0.0,0.894,-0.56,21.0,633.6
2020-11-22 11:55,45.0,0.447,1.341,-0.56,21.0,633.5
                                                    2020-12-10 13:25,270.0,0.894,2.235,11.11,24.0,634.5
2020-12-10 13:30,225.0,0.447,1.788,11.67,22.0,634.5
2020-12-10 13:35,180.0,0.447,2.235,11.67,23.0,634.4
2020-12-10 13:40,270.0,0.894,2.235,11.67,24.0,634.4
2020-12-10 13:45,225.0,0.0,2.235,11.67,24.0,634.3
2020-12-10 13:50,225.0,0.0,0.894,11.67,25.0,634.3
2020-12-10 13:55,270.0,1.341,2.235,12.22,24.0,634.3
2020-12-10 14:00,315.0,0.447,2.682,12.22,24.0,634.3
2020-12-10 14:05,225.0,0.0,2.235,12.22,24.0,634.2
2020-12-10 14:10,270.0,0.894,3.129,12.78,24.0,634.2
2020-12-10 14:15,270.0,0.894,2.682,12.78,24.0,634.2
2020-12-10 14:20,225.0,0.0,1.788,13.33,24.0,634.2
2020-12-10 14:25,225.0,0.447,1.788,13.33,23.0,634.2
2020-12-10 14:30,225.0,0.0,2.235,12.78,23.0,634.2
2020-12-10 14:35,225.0,0.894,1.788,12.78,23.0,634.2
2020-12-10 14:40,315.0,0.0,2.682,12.22,23.0,634.2
2020-12-10 14:45,225.0,0.0,0.894,12.78,23.0,634.1
2020-12-10 14:50,225.0,0.0,2.682,12.78,23.0,634.1
2020-12-10 14:55,225.0,0.0,0.894,12.22,23.0,634.1
2020-12-10 15:00,135.0,0.0,0.894,11.67,23.0,634.1
2020-12-10 15:05,180.0,0.0,0.894,11.11,23.0,634.1
2020-12-10 15:10,180.0,0.447,0.894,11.11,23.0,634.1
2020-12-10 15:15,225.0,0.0,0.894,10.56,23.0,634.1
2020-12-10 15:20,225.0,0.0,0.447,10.56,23.0,634.1
2020-12-10 15:25,180.0,0.0,0.894,10.56,23.0,634.1
2020-12-10 15:30,180.0,0.0,0.894,10.56,23.0,634.1
2020-12-10 15:35,180.0,0.0,0.894,10.56,23.0,634.0
2020-12-10 15:40,180.0,0.0,0.447,11.11,23.0,634.0
2020-12-10 15:45,135.0,0.894,2.235,11.11,22.0,634.0
2020-12-10 15:50,90.0,1.341,3.129,10.56,22.0,634.0
2020-12-10 15:55,135.0,2.235,3.576,9.44,22.0,634.0
2020-12-10 16:00,90.0,1.788,3.576,8.89,22.0,634.0
2020-12-10 16:05,90.0,0.894,3.129,8.33,23.0,634.1
2020-12-10 16:10,135.0,2.235,3.129,7.78,23.0,634.0
2020-12-10 16:15,90.0,1.341,2.682,7.22,23.0,634.0
2020-12-10 16:20,135.0,2.235,3.576,6.67,23.0,634.1
2020-12-10 16:25,135.0,1.341,2.682,6.67,23.0,634.0
2020-12-10 16:30,90.0,3.129,4.023,6.11,23.0,634.0
2020-12-10 16:35,90.0,0.894,4.023,5.56,23.0,634.0
2020-12-10 16:40,90.0,1.341,2.235,5.56,23.0,634.1
2020-12-10 16:45,90.0,1.341,2.235,5.0,23.0,634.0
2020-12-10 16:50,90.0,2.235,3.576,5.0,23.0,634.0
2020-12-10 16:55,90.0,2.235,4.023,4.44,24.0,634.0
2020-12-10 17:00,45.0,2.235,4.023,3.89,24.0,634.1
2020-12-10 17:05,90.0,2.682,4.47,3.33,24.0,634.0
2020-12-10 17:10,90.0,2.235,4.47,2.78,24.0,634.1
2020-12-10 17:15,90.0,2.682,4.47,2.78,24.0,634.0
2020-12-10 17:20,90.0,4.023,5.364,2.22,24.0,634.0
2020-12-10 17:25,90.0,3.576,4.917,1.67,24.0,634.0
2020-12-10 17:30,90.0,2.235,4.917,1.67,24.0,634.1
2020-12-10 17:35,45.0,3.129,5.364,1.67,24.0,634.1
2020-12-10 17:40,90.0,3.129,4.917,1.11,24.0,634.1
2020-12-10 17:45,45.0,3.129,4.47,1.11,25.0,634.1
2020-12-10 17:50,45.0,4.023,5.812,1.11,25.0,634.1
2020-12-10 17:55,90.0,3.576,4.917,0.56,25.0,634.1
2020-12-10 18:00,90.0,3.576,4.917,0.56,25.0,634.1
2020-12-10 18:05,90.0,3.129,5.364,0.56,25.0,634.2
2020-12-10 18:10,90.0,2.235,4.47,0.56,25.0,634.2
2020-12-10 18:15,90.0,3.576,4.917,0.56,25.0,634.2
2020-12-10 18:20,90.0,3.129,4.917,0.56,25.0,634.2
2020-12-10 18:25,90.0,3.129,4.917,0.56,24.0,634.2
2020-12-10 18:30,90.0,3.129,4.917,0.56,24.0,634.2
2020-12-10 18:35,45.0,3.576,6.259,0.56,24.0,634.2
2020-12-10 18:40,45.0,3.129,6.259,0.56,24.0,634.3
2020-12-10 18:45,90.0,3.129,4.917,0.56,24.0,634.3
2020-12-10 18:50,90.0,4.023,4.917,0.56,24.0,634.3
2020-12-10 18:55,45.0,3.576,4.917,0.56,24.0,634.3
2020-12-10 19:00,90.0,2.235,4.917,0.56,24.0,634.4
2020-12-10 19:05,90.0,1.788,4.47,0.0,24.0,634.3
2020-12-10 19:10,90.0,2.682,5.812,0.0,24.0,634.4
2020-12-10 19:15,45.0,2.682,4.023,0.0,24.0,634.4
2020-12-10 19:20,45.0,2.235,4.917,0.0,24.0,634.4
2020-12-10 19:25,45.0,2.682,4.47,0.0,24.0,634.3
2020-12-10 19:30,45.0,3.129,4.023,0.0,24.0,634.5
2020-12-10 19:35,90.0,3.129,4.47,0.0,24.0,634.5
2020-12-10 19:40,45.0,3.576,6.259,-0.56,24.0,634.5
2020-12-10 19:45,90.0,3.576,5.364,-0.56,24.0,634.5
2020-12-10 19:50,90.0,2.235,6.259,-0.56,24.0,634.5
2020-12-10 19:55,45.0,4.47,4.917,-0.56,24.0,634.6
2020-12-10 20:00,90.0,2.235,5.364,-0.56,24.0,634.5
2020-12-10 20:05,45.0,2.235,4.47,-0.56,24.0,634.6
2020-12-10 20:10,45.0,2.682,4.47,-0.56,24.0,634.6
2020-12-10 20:15,90.0,2.235,3.576,-0.56,24.0,634.6
2020-12-10 20:20,90.0,3.129,4.023,-0.56,24.0,634.6
2020-12-10 20:25,90.0,3.129,4.917,-0.56,24.0,634.6
2020-12-10 20:30,45.0,2.235,3.576,-0.56,24.0,634.7
2020-12-10 20:35,45.0,3.129,4.47,-0.56,24.0,634.7
2020-12-10 20:40,45.0,3.129,4.47,-0.56,24.0,634.7
2020-12-10 20:45,90.0,1.788,3.576,-0.56,24.0,634.7
2020-12-10 20:50,45.0,3.129,3.576,-0.56,24.0,634.8
2020-12-10 20:55,45.0,3.576,4.47,-0.56,24.0,634.7
2020-12-10 21:00,45.0,3.129,4.917,-0.56,25.0,634.7
2020-12-10 21:05,90.0,2.682,4.47,-0.56,24.0,634.7
2020-12-10 21:10,90.0,3.576,4.917,-0.56,25.0,634.7
2020-12-10 21:15,90.0,1.788,4.47,-0.56,24.0,634.8
2020-12-10 21:20,90.0,1.788,3.576,-1.11,24.0,634.9
2020-12-10 21:25,90.0,2.235,3.576,-1.11,24.0,634.8
2020-12-10 21:30,45.0,2.235,3.576,-1.11,24.0,634.8
2020-12-10 21:35,45.0,2.682,3.576,-1.11,24.0,634.8
2020-12-10 21:40,45.0,3.129,4.917,-1.11,24.0,634.8
2020-12-10 21:45,45.0,2.682,4.47,-1.11,24.0,634.7
2020-12-10 21:50,45.0,2.682,4.917,-1.11,25.0,634.8
2020-12-10 21:55,45.0,2.235,4.47,-1.11,25.0,634.8
2020-12-10 22:00,90.0,2.235,4.917,-1.11,25.0,634.8
2020-12-10 22:05,45.0,2.682,4.917,-1.11,25.0,634.8
2020-12-10 22:10,90.0,2.235,4.47,-1.11,24.0,634.8
2020-12-10 22:15,90.0,1.788,4.023,-1.11,25.0,634.8
2020-12-10 22:20,45.0,3.129,4.47,-1.11,25.0,634.8
2020-12-10 22:25,45.0,2.682,4.47,-1.11,24.0,634.8
2020-12-10 22:30,90.0,3.129,4.47,-1.11,24.0,634.8
2020-12-10 22:35,90.0,3.576,4.917,-1.11,24.0,634.7
2020-12-10 22:40,90.0,2.235,4.47,-1.11,24.0,634.8
2020-12-10 22:45,45.0,3.576,4.47,-1.11,24.0,634.8
2020-12-10 22:50,90.0,2.682,4.47,-1.11,24.0,634.7
2020-12-10 22:55,45.0,2.235,4.917,-1.11,24.0,634.7
2020-12-10 23:00,45.0,2.235,5.364,-1.11,24.0,634.7
2020-12-10 23:05,90.0,2.682,5.364,-1.11,24.0,634.7
2020-12-10 23:10,90.0,2.682,5.812,-1.11,24.0,634.6
2020-12-10 23:15,90.0,3.576,5.812,-1.11,24.0,634.5
2020-12-10 23:20,90.0,3.576,5.812,-1.11,24.0,634.5
2020-12-10 23:25,90.0,3.576,5.812,-1.11,24.0,634.5
2020-12-10 23:30,90.0,4.023,5.364,-1.11,24.0,634.4
2020-12-10 23:35,90.0,3.576,5.812,-1.11,24.0,634.3
2020-12-10 23:40,90.0,3.576,5.812,-1.11,24.0,634.4
2020-12-10 23:45,90.0,4.023,6.259,-1.11,24.0,634.3
2020-12-10 23:50,90.0,4.023,6.259,-1.11,24.0,634.3
2020-12-10 23:55,90.0,4.917,6.706,-1.11,24.0,634.3
2020-12-11 00:00,45.0,4.023,5.812,-1.11,24.0,634.3
2020-12-11 00:05,90.0,2.235,7.153,-1.11,24.0,634.2
2020-12-11 00:10,90.0,4.023,6.706,-1.11,24.0,634.2
2020-12-11 00:15,90.0,3.576,6.706,-1.11,24.0,634.2
2020-12-11 00:20,90.0,3.576,6.259,-1.11,24.0,634.3
2020-12-11 00:25,90.0,2.235,6.706,-1.11,24.0,634.2
2020-12-11 00:30,90.0,2.235,4.023,-1.11,24.0,634.3
2020-12-11 00:35,45.0,2.235,4.023,-1.11,24.0,634.3
2020-12-11 00:40,45.0,2.235,4.023,-1.67,24.0,634.3
2020-12-11 00:45,90.0,2.235,4.023,-1.67,24.0,634.2
2020-12-11 00:50,45.0,1.788,4.917,-1.67,24.0,634.3
2020-12-11 00:55,90.0,2.682,3.576,-1.67,24.0,634.3
2020-12-11 01:00,90.0,2.682,4.47,-1.67,24.0,634.2
2020-12-11 01:05,45.0,1.788,4.917,-1.67,24.0,634.2
2020-12-11 01:10,45.0,2.235,4.023,-2.22,24.0,634.2
2020-12-11 01:15,45.0,2.682,4.917,-2.22,24.0,634.2
2020-12-11 01:20,45.0,3.576,4.47,-2.22,24.0,634.2
2020-12-11 01:25,45.0,2.682,4.47,-2.22,24.0,634.1
2020-12-11 01:30,45.0,3.576,4.917,-2.22,24.0,634.2
2020-12-11 01:35,45.0,3.576,4.917,-2.22,25.0,634.2
2020-12-11 01:40,45.0,3.576,5.812,-2.22,25.0,634.1
2020-12-11 01:45,45.0,3.129,5.812,-2.22,25.0,634.1
2020-12-11 01:50,45.0,3.129,4.917,-2.22,25.0,634.1
2020-12-11 01:55,45.0,3.576,5.812,-2.22,25.0,634.1
2020-12-11 02:00,45.0,4.47,5.812,-2.22,25.0,634.0
2020-12-11 02:05,45.0,3.576,4.917,-2.22,25.0,634.1
2020-12-11 02:10,45.0,3.576,4.917,-2.22,25.0,634.1
2020-12-11 02:15,45.0,3.576,5.364,-2.22,25.0,634.1
2020-12-11 02:20,90.0,3.576,4.917,-2.22,25.0,634.1
2020-12-11 02:25,45.0,2.235,4.47,-2.22,25.0,634.1
2020-12-11 02:30,45.0,2.682,4.917,-2.22,25.0,634.1
2020-12-11 02:35,45.0,3.576,4.917,-2.22,24.0,634.1
2020-12-11 02:40,45.0,3.129,4.917,-2.22,25.0,634.0
2020-12-11 02:45,90.0,1.788,4.917,-2.22,25.0,634.0
2020-12-11 02:50,90.0,2.235,4.917,-2.22,24.0,634.0
2020-12-11 02:55,90.0,2.682,4.47,-2.22,24.0,634.0
2020-12-11 03:00,45.0,2.682,4.917,-2.22,24.0,634.0
2020-12-11 03:05,45.0,2.682,4.47,-2.22,24.0,634.0
2020-12-11 03:10,45.0,1.341,4.023,-2.22,24.0,633.9
2020-12-11 03:15,45.0,3.129,4.47,-2.22,24.0,633.9
2020-12-11 03:20,45.0,3.129,4.47,-2.22,24.0,633.9
2020-12-11 03:25,45.0,3.576,4.47,-2.22,24.0,633.9
2020-12-11 03:30,45.0,2.235,4.47,-2.78,24.0,633.9
2020-12-11 03:35,45.0,2.682,4.47,-2.78,24.0,633.8
2020-12-11 03:40,90.0,2.235,4.023,-2.78,24.0,633.8
2020-12-11 03:45,90.0,1.788,4.917,-2.78,24.0,633.8
2020-12-11 03:50,45.0,2.235,4.023,-2.78,24.0,633.7
2020-12-11 03:55,45.0,1.788,3.129,-2.78,24.0,633.7
2020-12-11 04:00,0.0,1.341,3.576,-2.78,24.0,633.7
2020-12-11 04:05,90.0,1.341,3.576,-2.78,24.0,633.6
2020-12-11 04:10,45.0,2.682,3.576,-2.78,24.0,633.6
2020-11-22 11:55,0.0,0.0,0.447,-3.33,29.0,635.3
2020-12-11 09:10,180.0,0.894,0.894,-1.11,27.0,635.4
2020-12-11 09:15,180.0,0.0,0.894,0.56,26.0,635.2
2020-12-11 09:20,180.0,0.0,0.894,3.89,27.0,635.2
2020-12-11 09:25,180.0,0.0,0.894,8.33,25.0,635.2
2020-12-11 09:30,180.0,0.894,1.788,13.33,23.0,635.2
2020-12-11 09:35,225.0,0.447,0.894,17.22,21.0,635.2
2020-12-11 09:45,225.0,0.894,1.341,23.33,18.0,635.2
2020-12-11 09:55,180.0,0.894,1.788,26.67,16.0,635.4
2020-12-11 10:00,180.0,0.894,1.788,27.78,16.0,635.4
2020-12-11 10:05,180.0,0.894,2.235,28.89,16.0,635.4
2020-12-11 10:10,180.0,0.894,1.788,27.78,16.0,635.4
2020-12-11 10:15,180.0,0.894,1.341,26.67,16.0,635.3
2020-12-11 10:20,180.0,0.447,0.894,26.67,16.0,635.4
2020-12-11 10:25,180.0,0.447,0.894,26.67,16.0,635.4
2020-12-11 10:30,180.0,0.447,0.894,26.11,16.0,635.4
2020-12-11 10:35,180.0,0.447,0.894,27.78,16.0,635.4
2020-12-11 10:40,180.0,0.894,0.894,29.44,15.0,635.2
2020-12-11 10:45,180.0,0.894,1.788,27.78,15.0,635.2
2020-12-11 10:55,225.0,0.447,1.341,28.89,15.0,635.2
2020-12-11 11:00,225.0,0.894,0.894,31.11,15.0,635.2
2020-12-11 11:05,225.0,0.447,0.894,32.22,15.0,635.2
2020-12-11 11:10,225.0,0.894,2.682,31.67,15.0,635.2
2020-12-11 11:20,225.0,0.0,1.788,31.11,16.0,635.1
2020-12-11 11:25,180.0,0.447,0.894,35.0,16.0,635.0
2020-12-11 11:30,180.0,0.0,1.788,37.78,15.0,635.1
2020-12-11 11:35,270.0,0.447,0.894,40.56,15.0,635.0
2020-12-11 11:40,270.0,0.0,0.447,42.22,15.0,634.9
2020-12-11 11:45,270.0,0.0,0.894,43.89,15.0,634.9
2020-12-11 11:50,270.0,0.894,1.788,45.0,14.0,634.9
2020-12-11 11:55,225.0,0.0,1.341,44.44,15.0,634.8
2020-12-11 12:00,270.0,0.447,1.341,45.0,15.0,634.7
2020-12-11 12:05,270.0,0.894,2.235,44.44,14.0,634.7
2020-12-11 12:10,270.0,0.0,0.894,43.89,14.0,634.5
2020-12-11 12:15,225.0,0.0,0.894,45.0,14.0,634.5
2020-12-11 12:20,225.0,0.447,0.894,46.11,14.0,634.4
2020-12-11 12:25,180.0,0.447,0.894,46.67,14.0,634.3
2020-12-11 12:30,225.0,0.894,2.235,46.67,14.0,634.2
2020-12-11 12:35,225.0,1.788,3.576,45.0,14.0,634.1
2020-12-11 12:40,225.0,2.235,3.576,43.33,14.0,634.1
2020-12-11 12:45,225.0,1.788,4.023,41.67,14.0,634.1
2020-12-11 12:50,270.0,1.341,3.576,41.11,14.0,633.9
2020-12-11 12:55,270.0,1.788,3.129,41.11,14.0,633.8
2020-12-11 13:00,225.0,0.894,2.235,41.67,14.0,633.7
2020-12-11 13:05,225.0,1.341,2.235,42.22,14.0,633.7
2020-12-11 13:10,270.0,1.341,2.235,41.67,14.0,633.6
2020-12-11 13:15,270.0,0.0,2.235,41.67,14.0,633.4
2020-12-11 13:20,270.0,1.788,2.682,42.22,14.0,633.4
2020-12-11 13:25,0.0,0.447,2.682,40.56,14.0,633.2
2020-12-11 13:30,225.0,0.447,2.235,40.0,15.0,633.1
2020-12-11 13:35,270.0,1.341,2.235,42.22,14.0,633.0
2020-12-11 13:40,225.0,0.894,1.788,42.22,14.0,633.0
2020-12-11 13:45,225.0,0.0,0.894,41.11,15.0,632.9
2020-12-11 13:50,225.0,2.235,4.47,38.89,14.0,633.0
2020-12-11 13:55,270.0,0.894,4.917,36.11,15.0,632.9
2020-12-11 14:00,225.0,0.894,3.576,32.78,15.0,632.8
2020-12-11 14:05,270.0,1.788,3.576,30.56,15.0,632.8
2020-12-11 14:10,225.0,0.0,3.576,28.33,16.0,632.7
2020-12-11 14:15,270.0,2.235,3.129,27.22,16.0,632.7
2020-12-11 14:20,225.0,1.341,3.576,25.0,16.0,632.7
2020-12-11 14:25,225.0,1.788,3.576,24.44,17.0,632.8
2020-12-11 14:35,270.0,1.341,3.129,21.67,17.0,632.8
2020-12-11 14:40,225.0,1.788,2.682,21.11,18.0,632.8
2020-12-11 14:45,225.0,0.447,2.682,20.56,18.0,632.7
2020-12-11 14:50,270.0,0.447,3.129,21.11,18.0,632.5
2020-12-11 14:55,270.0,0.0,1.341,21.67,18.0,632.4
2020-12-11 15:05,225.0,0.894,1.341,22.78,18.0,632.3
2020-12-11 15:10,225.0,0.447,1.788,23.33,17.0,632.3
2020-12-11 15:15,180.0,0.0,1.788,23.33,18.0,632.2
2020-12-11 15:20,225.0,0.447,1.341,22.78,18.0,632.1
2020-12-11 15:25,225.0,0.0,0.894,23.33,18.0,632.1
2020-12-11 15:30,225.0,0.0,0.894,22.78,18.0,632.1
2020-12-11 15:35,270.0,0.447,3.129,21.67,18.0,632.0
2020-12-11 15:45,225.0,0.0,0.894,20.0,18.0,632.0
2020-12-11 15:50,270.0,0.0,0.894,18.33,19.0,632.1
2020-12-11 15:55,225.0,0.0,0.894,16.67,19.0,632.1
2020-12-11 16:05,270.0,0.0,0.894,13.89,20.0,632.2
2020-12-11 16:10,180.0,0.447,0.894,12.78,20.0,632.1
2020-12-11 16:15,45.0,0.894,2.235,11.67,20.0,631.4
2020-12-11 16:20,90.0,0.894,2.235,10.56,20.0,631.4
2020-12-11 16:25,45.0,2.235,3.129,10.0,21.0,631.3
2020-12-11 16:30,45.0,2.235,4.023,8.89,21.0,631.3
2020-12-11 16:35,90.0,0.894,4.023,8.33,21.0,631.3
2020-12-11 16:40,45.0,1.341,2.235,7.78,21.0,631.3
2020-12-11 16:45,90.0,2.235,3.576,7.22,21.0,631.2
2020-12-11 16:50,45.0,2.235,3.576,6.67,22.0,631.2
2020-12-11 16:55,90.0,2.235,3.576,6.11,22.0,631.2
2020-12-11 17:00,90.0,2.235,4.023,5.56,22.0,631.1
2020-12-11 17:05,90.0,2.235,4.023,5.56,22.0,631.1
2020-12-11 17:10,90.0,2.235,4.47,5.0,22.0,631.1
2020-12-11 17:15,90.0,2.682,4.023,5.0,22.0,631.1
2020-12-11 17:20,90.0,2.682,4.47,5.0,22.0,631.1
2020-12-11 17:25,90.0,2.682,4.47,4.44,22.0,631.1
2020-12-11 17:30,90.0,3.129,4.023,4.44,22.0,631.1
2020-12-11 17:35,90.0,2.682,4.023,4.44,22.0,631.1
2020-12-11 17:40,90.0,2.235,4.023,4.44,22.0,631.1
2020-12-11 17:45,90.0,2.235,4.023,4.44,22.0,631.1
2020-12-11 17:50,90.0,2.235,3.576,3.89,22.0,631.2
2020-12-11 17:55,90.0,2.235,4.023,3.89,22.0,631.2
2020-12-11 18:00,90.0,2.235,4.47,3.89,22.0,631.1
2020-12-11 18:05,90.0,2.682,4.023,3.89,22.0,631.1
2020-12-11 18:10,135.0,2.235,4.47,3.89,22.0,631.1
2020-12-11 18:15,90.0,1.788,3.576,3.89,22.0,631.1
2020-12-11 18:20,90.0,2.235,3.129,3.89,22.0,631.1
2020-12-11 18:25,90.0,1.788,3.129,3.33,22.0,631.1
2020-12-11 18:30,90.0,1.788,3.576,3.89,22.0,631.1
2020-12-11 18:35,90.0,0.894,3.576,3.89,22.0,631.1
2020-12-11 18:40,135.0,0.894,3.576,3.33,22.0,631.1
2020-12-11 18:45,180.0,0.0,0.894,3.33,22.0,631.1
2020-12-11 18:50,45.0,0.447,1.341,3.33,22.0,631.1
2020-12-11 18:55,90.0,0.894,3.129,3.33,21.0,631.1
2020-12-11 19:00,135.0,0.0,2.235,3.33,21.0,631.2
2020-12-11 19:05,180.0,0.0,0.894,3.33,21.0,631.2
2020-12-11 19:10,180.0,0.0,0.894,3.33,21.0,631.2
2020-12-11 19:15,135.0,0.447,0.894,3.89,21.0,631.1
2020-12-11 19:20,180.0,0.0,1.341,3.89,21.0,631.2
2020-12-11 19:25,180.0,0.0,0.894,3.89,21.0,631.2
2020-12-11 19:30,180.0,0.0,0.894,3.89,21.0,631.2
2020-12-11 19:35,45.0,1.788,2.235,3.89,21.0,631.2
2020-12-11 19:40,90.0,0.894,2.235,3.89,21.0,631.2
2020-12-11 19:45,180.0,0.0,0.894,3.89,21.0,631.2
2020-12-11 19:50,270.0,0.0,0.447,3.89,21.0,631.3
2020-12-11 19:55,270.0,0.0,0.894,3.89,21.0,631.3
2020-12-11 20:00,270.0,0.0,0.894,3.89,21.0,631.3
2020-12-11 20:05,270.0,0.0,0.447,3.89,21.0,631.3
2020-12-11 20:10,270.0,0.0,0.447,3.89,21.0,631.4
2020-12-11 20:15,270.0,0.0,0.894,3.89,21.0,631.4
2020-12-11 20:20,270.0,0.0,0.894,3.89,21.0,631.5
2020-12-11 20:25,270.0,0.0,0.894,3.89,21.0,631.4
2020-12-11 20:30,270.0,0.0,0.447,3.89,20.0,631.4
2020-12-11 20:35,225.0,0.0,0.0,4.44,20.0,631.4
2020-12-11 20:40,90.0,0.894,0.894,3.89,20.0,631.5
2020-12-11 20:45,90.0,0.447,0.894,3.89,20.0,631.4
2020-12-11 20:50,90.0,0.894,1.788,3.89,21.0,631.4
2020-12-11 20:55,90.0,1.341,1.788,3.33,21.0,631.5
2020-12-11 21:00,90.0,1.341,2.235,3.33,21.0,631.4
2020-12-11 21:05,90.0,0.894,2.235,2.78,21.0,631.4
2020-12-11 21:10,90.0,1.341,2.235,2.78,21.0,631.3
2020-12-11 21:15,90.0,1.788,2.235,2.78,21.0,631.2
2020-12-11 21:20,90.0,0.894,2.682,2.22,21.0,631.2
2020-12-11 21:25,90.0,0.894,3.576,2.22,21.0,631.2
2020-12-11 21:30,90.0,2.235,3.129,1.67,21.0,631.2
2020-12-11 21:35,90.0,2.682,4.47,1.67,21.0,631.2
2020-12-11 21:40,90.0,2.235,4.917,1.67,21.0,631.2
2020-12-11 21:45,90.0,3.576,5.364,1.67,21.0,631.2
2020-12-11 21:50,90.0,2.235,4.917,1.67,21.0,631.1
2020-12-11 21:55,45.0,2.235,4.917,1.67,21.0,631.0
2020-12-11 22:00,90.0,1.788,4.917,1.67,21.0,631.0
2020-12-11 22:05,45.0,2.235,3.576,1.67,21.0,631.0
2020-12-11 22:10,90.0,2.235,3.576,1.67,21.0,631.0
2020-12-11 22:15,135.0,2.682,3.576,1.67,21.0,630.9
2020-12-11 22:20,90.0,2.235,4.023,1.67,21.0,630.8
2020-12-11 22:25,90.0,2.235,3.576,1.67,21.0,630.9
2020-12-11 22:30,90.0,2.235,4.023,1.67,21.0,630.8
2020-12-11 22:35,45.0,3.576,5.364,1.67,21.0,630.7
2020-12-11 22:40,135.0,2.235,4.023,1.67,21.0,630.7
2020-12-11 22:45,135.0,2.235,4.47,1.67,21.0,630.7
2020-12-11 22:50,45.0,3.576,5.364,1.67,21.0,630.7
2020-12-11 22:55,90.0,1.341,4.023,1.67,21.0,630.7
2020-12-11 23:00,45.0,2.235,3.576,1.67,21.0,630.6
2020-12-11 23:05,90.0,2.235,4.917,1.67,21.0,630.6
2020-12-11 23:10,90.0,1.788,3.576,1.67,21.0,630.6
2020-12-11 23:15,90.0,2.235,3.576,1.67,21.0,630.5
2020-12-11 23:20,90.0,1.788,3.576,1.67,21.0,630.5
2020-12-11 23:25,90.0,3.129,4.023,1.67,21.0,630.6
2020-12-11 23:30,90.0,1.788,3.576,1.67,21.0,630.5
2020-12-11 23:35,45.0,2.235,4.023,1.67,21.0,630.5
2020-12-11 23:40,90.0,2.235,4.47,1.67,21.0,630.5
2020-12-11 23:45,45.0,2.235,3.576,1.67,21.0,630.5
2020-12-11 23:50,45.0,3.129,4.023,1.67,21.0,630.5
2020-12-11 23:55,45.0,2.235,4.47,1.67,21.0,630.5
2020-12-12 00:00,45.0,2.235,4.023,2.22,21.0,630.4
2020-12-12 00:05,90.0,1.788,3.576,1.67,21.0,630.3
2020-12-12 00:10,45.0,3.129,4.917,1.67,21.0,630.3
2020-12-12 00:15,45.0,4.023,4.917,1.67,21.0,630.0
2020-12-12 00:20,45.0,3.129,5.812,1.67,21.0,630.0
2020-12-12 00:25,45.0,3.576,4.917,1.67,21.0,629.9
2020-12-12 00:30,45.0,3.129,4.917,1.67,21.0,629.8
2020-12-12 00:35,45.0,3.129,4.47,1.67,21.0,629.7
2020-12-12 00:40,90.0,2.682,4.47,1.67,20.0,629.5
2020-12-12 00:45,90.0,2.682,4.023,1.67,21.0,629.5
2020-12-12 00:50,90.0,2.235,4.023,1.67,21.0,629.4
2020-12-12 00:55,135.0,0.894,2.235,1.67,21.0,629.4
2020-12-12 01:00,90.0,0.894,1.788,1.67,21.0,629.4
2020-12-12 01:05,0.0,1.788,3.576,1.67,21.0,629.3
2020-12-12 01:10,45.0,2.682,3.576,1.67,21.0,629.2
2020-12-12 01:15,45.0,2.235,3.576,1.67,21.0,629.2
2020-12-12 01:20,90.0,1.788,3.576,1.67,21.0,629.1
2020-12-12 01:25,90.0,2.235,3.576,1.67,20.0,629.1
2020-12-12 01:30,90.0,2.235,3.576,1.67,20.0,629.1
2020-12-12 01:35,90.0,2.235,4.023,1.67,20.0,629.0
2020-12-12 01:40,90.0,0.894,2.682,1.67,21.0,629.0
2020-12-12 01:45,90.0,2.235,3.576,2.22,20.0,629.1
2020-12-12 01:50,90.0,1.788,3.129,2.22,20.0,629.0
2020-12-12 01:55,90.0,2.682,6.259,2.22,20.0,629.1
2020-12-12 02:00,45.0,2.235,3.576,2.22,20.0,629.0
2020-12-12 02:05,45.0,1.788,3.576,2.22,20.0,629.0
2020-12-12 02:10,90.0,2.235,4.917,2.22,20.0,629.1
2020-12-12 02:15,45.0,2.235,3.576,2.22,20.0,629.0
2020-12-12 02:20,90.0,2.235,3.576,2.22,20.0,628.9
2020-12-12 02:25,90.0,2.235,3.129,2.22,20.0,628.9
2020-12-12 02:30,90.0,1.788,2.682,2.22,20.0,628.8
2020-12-12 02:35,90.0,2.235,2.682,2.22,20.0,628.7
2020-12-12 02:40,90.0,1.788,4.023,1.67,20.0,628.6
2020-12-12 02:45,90.0,1.788,3.576,1.67,20.0,628.4
2020-12-12 02:50,90.0,2.235,3.576,2.22,20.0,628.2
2020-12-12 02:55,135.0,0.894,3.576,2.22,20.0,628.1
2020-12-12 03:00,90.0,1.788,4.47,2.22,20.0,628.0
2020-12-12 03:05,135.0,2.235,3.576,2.22,20.0,627.9
2020-12-12 03:10,90.0,1.788,4.023,2.22,20.0,627.8
2020-12-12 03:15,90.0,2.235,3.576,2.22,20.0,627.7
2020-12-12 03:20,90.0,2.235,3.129,2.78,20.0,627.6
2020-12-12 03:25,90.0,1.341,3.576,2.78,20.0,627.5
2020-12-12 10:05,225.0,0.447,1.341,4.44,24.0,628.5
2020-12-12 10:10,225.0,0.447,2.235,5.56,23.0,628.4
2020-12-12 10:15,225.0,1.788,3.129,7.22,22.0,628.6
2020-12-12 10:20,225.0,2.235,3.129,9.44,22.0,628.6
2020-12-12 10:25,270.0,1.788,3.576,11.67,21.0,628.6
2020-12-12 10:30,270.0,1.341,3.576,14.44,21.0,628.6
2020-12-12 10:35,270.0,2.235,3.576,18.33,19.0,628.7
2020-12-12 10:40,270.0,1.788,3.576,19.44,19.0,628.7
2020-12-12 10:45,270.0,2.235,4.023,21.11,18.0,628.7
2020-12-12 10:55,225.0,2.235,3.129,26.67,16.0,628.9
2020-12-12 11:00,225.0,2.235,3.576,29.44,15.0,629.0
2020-12-12 11:05,270.0,4.47,6.706,31.11,14.0,628.9
2020-12-12 11:10,270.0,4.023,5.364,31.67,14.0,628.9
2020-12-12 11:15,225.0,3.576,5.364,31.67,14.0,629.1
2020-12-12 11:20,270.0,1.341,6.706,31.67,14.0,629.1
2020-12-12 11:25,315.0,3.129,5.812,32.78,14.0,629.0
2020-12-12 11:30,225.0,3.576,6.259,31.67,14.0,628.9
2020-12-12 11:35,225.0,3.576,6.706,31.67,14.0,629.1
2020-12-12 11:40,135.0,2.235,5.812,32.22,14.0,629.2
2020-12-12 11:45,135.0,0.894,5.364,35.0,14.0,629.2
2020-12-12 11:50,225.0,2.235,4.917,36.67,13.0,629.3
2020-12-12 12:00,270.0,2.235,6.259,36.67,13.0,629.3
2020-12-12 12:05,270.0,3.576,5.812,37.22,13.0,629.3
2020-12-12 12:10,225.0,4.023,8.494,38.33,13.0,629.5
2020-12-12 12:15,225.0,3.129,7.153,38.33,13.0,629.5
2020-12-12 12:20,135.0,4.47,7.6,39.44,13.0,629.4
2020-12-12 12:25,90.0,2.682,7.6,39.44,13.0,629.6
2020-12-12 12:30,180.0,2.235,4.917,39.44,12.0,629.6
2020-12-12 12:35,90.0,3.576,6.706,39.44,12.0,629.7
2020-12-12 12:40,270.0,4.023,8.494,37.78,12.0,629.7
2020-12-12 12:45,270.0,0.0,3.576,38.33,13.0,629.7
2020-12-12 12:50,225.0,3.129,4.917,40.0,13.0,629.8
2020-12-12 12:55,135.0,1.341,4.917,38.89,13.0,629.7
2020-12-12 13:00,90.0,3.129,6.259,38.33,13.0,629.6
2020-12-12 13:05,270.0,3.576,13.858,38.33,12.0,629.7
2020-12-12 13:10,225.0,2.235,6.259,37.78,12.0,629.6
2020-12-12 13:15,45.0,2.235,5.364,39.44,13.0,629.7
2020-12-12 13:20,225.0,3.129,4.917,41.11,13.0,629.7
2020-12-12 13:25,90.0,1.788,4.023,40.56,13.0,629.6
2020-12-12 13:30,225.0,0.0,3.576,41.67,13.0,629.7
2020-12-12 13:35,45.0,2.235,3.576,44.44,13.0,629.8
2020-12-12 13:40,135.0,1.788,4.47,43.89,13.0,629.7
2020-12-12 13:45,270.0,3.129,5.812,43.89,13.0,629.7
2020-12-12 13:50,225.0,0.894,4.917,42.78,13.0,629.7
2020-12-12 13:55,45.0,0.447,3.576,42.22,13.0,629.6
2020-12-12 14:00,270.0,4.917,8.047,43.33,13.0,629.6
2020-12-12 14:05,45.0,0.0,5.812,41.67,13.0,629.6
2020-12-12 14:10,270.0,0.0,1.788,43.33,13.0,629.6
2020-12-12 14:15,225.0,4.023,7.6,43.89,13.0,629.8
2020-12-12 14:20,225.0,0.894,11.623,42.22,13.0,629.6
2020-12-12 14:25,270.0,4.023,8.941,41.11,12.0,629.5
2020-12-12 14:30,180.0,2.235,8.941,40.0,12.0,629.8
2020-12-12 14:35,315.0,0.894,3.576,40.0,12.0,629.7
2020-12-12 14:40,225.0,2.235,4.023,40.56,12.0,629.7
2020-12-12 14:45,180.0,0.447,5.364,40.0,12.0,629.6
2020-12-12 14:50,270.0,2.682,7.153,39.44,12.0,629.6
2020-12-12 14:55,270.0,3.129,8.047,37.78,12.0,629.6
2020-12-12 15:00,270.0,0.894,4.47,37.22,13.0,629.6
2020-12-12 15:05,180.0,2.235,4.917,38.89,13.0,629.5
2020-12-12 15:10,315.0,1.788,6.706,37.78,12.0,629.5
2020-12-12 15:15,45.0,0.0,2.682,37.22,13.0,629.6
2020-12-12 15:20,45.0,0.0,5.364,36.67,12.0,629.5
2020-12-12 15:25,270.0,2.235,3.576,35.56,13.0,629.5
2020-12-12 15:30,270.0,0.447,2.682,36.11,13.0,629.7
2020-12-12 15:35,0.0,0.447,3.576,36.67,13.0,629.7
2020-12-12 15:40,90.0,2.235,6.259,35.56,13.0,629.5
2020-12-12 15:45,90.0,1.341,8.494,29.44,12.0,629.6
2020-12-12 15:50,90.0,1.341,5.812,22.78,14.0,629.9
2020-12-12 15:55,90.0,0.894,4.917,17.78,15.0,630.0
2020-12-12 16:00,135.0,0.894,2.235,15.0,17.0,629.9
2020-12-12 16:05,90.0,0.894,3.576,12.78,17.0,629.3
2020-12-12 16:15,135.0,2.235,4.47,9.44,19.0,629.4
2020-12-12 16:25,45.0,0.894,2.682,7.78,19.0,629.4
2020-12-12 16:30,90.0,0.894,2.682,7.22,20.0,629.4
2020-12-12 16:35,135.0,1.341,2.682,6.67,20.0,629.4
2020-12-12 16:40,0.0,0.447,1.341,6.11,20.0,629.4
2020-12-12 16:45,90.0,1.788,3.576,6.11,20.0,629.4
2020-12-12 16:50,225.0,0.894,3.576,5.56,20.0,629.5
2020-12-12 16:55,135.0,0.894,2.682,5.56,20.0,629.5
2020-12-12 17:00,90.0,1.341,2.682,5.0,20.0,629.5
2020-12-12 17:05,90.0,2.235,5.812,5.0,20.0,629.5
2020-12-12 17:10,90.0,0.447,2.235,4.44,20.0,629.6
2020-12-12 17:15,90.0,0.894,2.235,4.44,20.0,629.6
2020-12-12 17:20,225.0,0.894,2.235,3.89,20.0,629.7
2020-12-12 17:25,180.0,0.894,2.235,3.89,20.0,629.7
2020-12-12 17:30,135.0,0.894,2.235,3.89,20.0,629.7
2020-12-12 17:35,45.0,0.894,1.788,3.33,20.0,629.7
2020-12-12 17:40,135.0,0.0,2.682,3.33,20.0,629.8
2020-12-12 17:45,90.0,0.894,1.788,2.78,20.0,629.8
2020-12-12 17:50,135.0,1.788,3.576,2.78,20.0,629.8
2020-12-12 17:55,90.0,0.894,3.129,2.78,20.0,629.9
2020-12-12 18:00,135.0,0.0,3.129,2.78,20.0,629.8
2020-12-12 18:05,90.0,2.235,3.576,2.22,20.0,629.9
2020-12-12 18:10,45.0,2.235,3.576,2.22,20.0,629.9
2020-12-12 18:15,45.0,3.576,4.917,2.22,20.0,630.0
2020-12-12 18:20,90.0,2.235,5.364,1.67,20.0,630.0
2020-12-12 18:25,90.0,2.235,5.364,1.67,20.0,630.0
2020-12-12 18:30,90.0,2.235,3.576,1.67,20.0,630.1
2020-12-12 18:35,90.0,1.788,4.47,1.67,20.0,630.1
2020-12-12 18:40,90.0,3.576,4.917,1.11,20.0,630.2
2020-12-12 18:45,45.0,1.788,4.917,1.11,20.0,630.3
2020-12-12 18:50,90.0,2.682,3.576,1.11,20.0,630.3
2020-12-12 18:55,90.0,2.682,4.023,1.11,20.0,630.4
2020-12-12 19:00,90.0,1.788,3.576,1.11,19.0,630.4
2020-12-12 19:05,90.0,3.576,5.812,1.11,19.0,630.5
2020-12-12 19:10,90.0,1.788,4.917,0.56,19.0,630.5
2020-12-12 19:15,90.0,1.788,4.917,0.56,19.0,630.6
2020-12-12 19:20,90.0,2.682,4.917,0.56,19.0,630.6
2020-12-12 19:25,45.0,1.788,4.023,0.56,19.0,630.6
2020-12-12 19:30,90.0,4.023,6.259,0.56,19.0,630.7
2020-12-12 19:35,90.0,3.576,6.259,0.56,19.0,630.7
2020-12-12 19:40,90.0,3.576,5.364,0.0,19.0,630.7
2020-12-12 19:45,90.0,3.576,4.917,0.0,19.0,630.7
2020-12-12 19:50,90.0,3.576,5.812,0.0,19.0,630.7
2020-12-12 19:55,90.0,3.129,5.364,0.0,19.0,630.8
2020-12-12 20:00,90.0,3.576,5.812,-0.56,19.0,630.9
2020-12-12 20:05,90.0,3.576,4.917,-0.56,19.0,631.0
2020-12-12 20:10,90.0,4.023,5.812,-0.56,19.0,630.9
2020-12-12 20:15,90.0,4.47,6.259,-0.56,19.0,631.0
2020-12-12 20:20,90.0,3.576,5.812,-0.56,19.0,631.0
2020-12-12 20:25,90.0,4.023,7.6,-0.56,19.0,631.1
2020-12-12 20:30,90.0,3.576,7.153,-0.56,19.0,631.0
2020-12-12 20:35,90.0,3.576,6.259,-1.11,19.0,631.0
2020-12-12 20:40,90.0,2.682,5.812,-1.11,19.0,631.0
2020-12-12 20:45,45.0,3.129,4.917,-1.11,19.0,631.0
2020-12-12 20:50,90.0,4.47,6.259,-1.11,19.0,631.0
2020-12-12 20:55,90.0,4.47,6.259,-1.11,19.0,631.0
2020-12-12 21:00,90.0,4.023,5.812,-1.11,19.0,631.0
2020-12-12 21:05,90.0,4.023,7.153,-1.11,19.0,631.1
2020-12-12 21:10,90.0,4.023,6.259,-1.11,19.0,631.1
2020-12-12 21:15,90.0,3.576,6.259,-1.11,19.0,631.1
2020-12-12 21:20,90.0,3.576,6.706,-1.11,19.0,631.1
2020-12-12 21:25,45.0,3.576,5.812,-1.11,19.0,631.1
2020-12-12 21:30,90.0,3.576,6.259,-1.11,19.0,631.2
2020-12-12 21:35,90.0,3.576,4.917,-1.11,19.0,631.1
2020-12-12 21:40,90.0,4.47,6.259,-1.11,19.0,631.1
2020-12-12 21:45,90.0,4.023,5.812,-1.11,19.0,631.1
2020-12-12 21:50,90.0,4.023,6.706,-1.11,19.0,631.1
2020-12-12 21:55,90.0,4.47,5.364,-1.11,19.0,631.2
2020-12-12 22:00,90.0,4.47,6.706,-1.11,19.0,631.2
2020-12-12 22:05,135.0,3.576,7.153,-1.11,19.0,631.1
2020-12-12 22:10,90.0,3.576,7.153,-1.11,19.0,631.2
2020-12-12 22:15,90.0,3.576,6.706,-1.11,18.0,631.2
2020-12-12 22:20,90.0,4.023,7.153,-1.11,18.0,631.2
2020-12-12 22:25,90.0,4.023,7.153,-1.11,18.0,631.3
2020-12-12 22:30,90.0,3.576,7.6,-1.11,18.0,631.3
2020-12-12 22:35,90.0,5.364,8.494,-1.67,18.0,631.3
2020-12-12 22:40,90.0,4.47,8.494,-1.67,18.0,631.4
2020-12-12 22:45,90.0,4.917,8.494,-1.67,18.0,631.3
2020-12-12 22:50,90.0,4.917,7.6,-1.67,18.0,631.3
2020-12-12 22:55,90.0,4.917,7.6,-1.67,19.0,631.3
2020-12-12 23:00,90.0,4.47,7.6,-1.67,19.0,631.2
2020-12-12 23:05,90.0,4.917,7.6,-1.67,18.0,631.2
2020-12-12 23:10,90.0,4.917,7.153,-1.67,18.0,631.3
2020-12-12 23:15,90.0,4.917,7.153,-2.22,18.0,631.3
2020-12-12 23:20,90.0,4.47,7.6,-2.22,19.0,631.3
2020-12-12 23:25,90.0,3.576,6.259,-2.22,19.0,631.3
2020-12-12 23:30,90.0,4.917,7.153,-2.22,19.0,631.3
2020-12-12 23:35,90.0,4.023,7.153,-2.22,19.0,631.3
2020-12-12 23:40,90.0,4.917,7.153,-2.22,19.0,631.3
2020-12-12 23:45,90.0,4.917,7.153,-2.22,19.0,631.4
2020-12-12 23:50,90.0,3.576,6.259,-2.22,19.0,631.3
2020-12-12 23:55,90.0,4.917,7.6,-2.22,19.0,631.3
2020-12-13 00:00,90.0,3.576,6.706,-2.22,19.0,631.2
2020-12-13 00:05,135.0,3.576,8.494,-2.22,19.0,631.2
2020-12-13 00:10,90.0,4.023,7.153,-2.22,19.0,631.2
2020-12-13 09:20,180.0,1.341,2.235,-6.11,27.0,631.8
2020-12-13 09:25,180.0,0.894,2.235,1.11,24.0,631.7
2020-12-13 09:30,180.0,1.341,2.235,6.67,21.0,631.7
2020-12-13 09:35,135.0,0.894,2.235,11.11,19.0,631.8
2020-12-13 09:40,180.0,0.894,2.235,14.44,17.0,631.8
2020-12-13 09:45,180.0,0.894,1.788,17.22,16.0,631.8
2020-12-13 09:50,180.0,0.894,2.235,19.44,14.0,631.8
2020-12-13 09:55,180.0,0.894,2.235,20.56,14.0,631.8
2020-12-13 10:00,180.0,1.341,2.235,22.22,13.0,631.8
2020-12-13 10:05,180.0,0.894,1.788,22.78,13.0,631.8
2020-12-13 10:10,225.0,0.894,2.235,23.89,12.0,631.8
2020-12-13 10:15,225.0,0.894,1.788,25.0,12.0,631.8
2020-12-13 10:20,180.0,0.894,1.788,26.11,12.0,631.9
2020-12-13 10:25,225.0,0.894,1.341,27.78,12.0,631.9
2020-12-13 10:30,180.0,0.894,1.788,28.89,11.0,631.9
2020-12-13 10:35,180.0,0.894,1.788,29.44,11.0,631.9
2020-12-13 10:40,180.0,0.894,1.788,29.44,11.0,631.8
2020-12-13 10:45,225.0,1.788,3.129,29.44,11.0,631.8
2020-12-13 10:50,225.0,0.894,2.682,27.78,11.0,631.7
2020-12-13 10:55,225.0,0.894,2.235,27.78,12.0,631.7
2020-12-13 11:00,180.0,0.894,2.235,27.22,11.0,631.6
2020-12-13 11:05,225.0,0.0,1.788,26.67,11.0,631.5
2020-12-13 11:10,225.0,1.788,2.682,26.11,12.0,631.5
2020-12-13 11:15,270.0,0.894,2.682,26.67,12.0,631.4
2020-12-13 11:20,225.0,1.341,2.235,27.78,12.0,631.4
2020-12-13 11:25,225.0,0.894,2.235,30.56,12.0,631.4
2020-12-13 11:30,225.0,0.894,2.235,33.33,12.0,631.4
2020-12-13 11:35,225.0,0.894,2.682,35.0,11.0,631.4
2020-12-13 11:40,225.0,0.447,2.235,35.0,11.0,631.4
2020-12-13 11:45,225.0,0.894,2.235,33.89,11.0,631.2
2020-12-13 11:50,225.0,1.341,3.129,31.11,11.0,631.1
2020-12-13 11:55,225.0,1.341,2.235,29.44,12.0,631.0
2020-12-13 12:00,270.0,1.341,2.682,27.22,12.0,631.0
2020-12-13 12:05,225.0,1.788,2.235,26.11,12.0,630.8
2020-12-13 12:10,225.0,1.341,3.129,26.11,12.0,630.8
2020-12-13 12:15,315.0,0.894,2.235,26.67,12.0,630.7
2020-12-13 12:20,225.0,0.894,2.235,27.78,12.0,630.6
2020-12-13 12:25,225.0,0.894,2.682,27.78,12.0,630.6
2020-12-13 12:30,225.0,0.894,3.129,28.89,12.0,630.5
2020-12-13 12:35,225.0,1.788,2.682,30.0,12.0,630.5
2020-12-13 12:45,225.0,0.447,2.235,30.0,12.0,630.3
2020-12-13 12:50,270.0,0.894,3.129,30.56,12.0,630.2
2020-12-13 12:55,270.0,0.894,2.682,32.78,12.0,630.2
2020-12-13 13:00,225.0,0.894,3.129,34.44,12.0,630.2
2020-12-13 13:05,225.0,1.788,3.129,34.44,12.0,630.1
2020-12-13 13:15,225.0,2.235,3.576,33.89,12.0,630.0
2020-12-13 13:20,225.0,0.894,3.576,34.44,12.0,629.9
2020-12-13 13:25,270.0,2.235,4.023,33.89,12.0,629.8
2020-12-13 13:30,270.0,2.682,4.023,33.89,12.0,629.7
2020-12-13 13:45,270.0,0.0,2.682,33.89,12.0,629.6
2020-12-13 14:00,270.0,2.235,3.576,17.78,9.0,629.3
2020-12-13 14:15,270.0,2.235,4.023,30.0,10.0,629.2
2020-12-13 14:30,270.0,1.788,4.023,33.33,10.0,629.2
2020-12-13 14:45,225.0,1.341,3.129,32.78,10.0,629.2
2020-12-13 15:00,270.0,0.0,3.129,33.33,11.0,629.1
2020-12-13 15:15,225.0,0.894,1.788,28.89,11.0,629.1
2020-12-13 15:30,225.0,0.894,3.576,27.22,11.0,629.0
2020-12-13 15:45,270.0,0.447,2.682,22.78,11.0,628.9
2020-12-13 16:00,225.0,0.894,3.129,13.89,13.0,628.9
2020-12-13 16:15,270.0,0.894,2.682,10.0,14.0,628.8
2020-12-13 16:30,270.0,0.894,2.235,7.78,15.0,628.7
2020-12-13 16:45,270.0,2.235,4.023,6.11,15.0,628.7
2020-12-13 17:00,270.0,1.341,2.235,4.44,15.0,628.7
2020-12-13 17:15,225.0,0.447,2.235,3.33,16.0,628.7
2020-12-13 17:30,90.0,2.682,4.47,2.22,15.0,628.8
2020-12-13 17:45,45.0,3.576,6.259,1.11,16.0,628.9
2020-12-13 18:00,90.0,3.576,5.812,0.56,16.0,628.9
2020-12-13 18:15,90.0,3.576,5.364,0.0,16.0,628.9
2020-12-13 18:30,90.0,3.576,5.812,0.0,16.0,629.0
2020-12-13 18:45,90.0,2.682,5.812,-0.56,16.0,629.1
2020-12-13 19:00,90.0,4.023,6.259,-0.56,15.0,629.1
2020-12-13 19:15,90.0,3.576,4.917,-1.11,15.0,629.2
2020-12-13 19:30,45.0,3.576,6.259,-1.11,15.0,629.2
2020-12-13 19:45,90.0,4.47,5.812,-1.11,15.0,629.4
2020-12-13 20:00,45.0,4.023,7.153,-1.67,15.0,629.5
2020-12-13 20:15,90.0,4.47,6.259,-1.67,15.0,629.6
2020-12-13 20:30,90.0,4.47,6.259,-2.22,15.0,629.6
2020-12-13 20:45,90.0,4.917,7.153,-2.22,15.0,629.5
2020-12-13 21:00,90.0,4.917,6.706,-2.22,15.0,629.5
2020-12-13 21:15,90.0,4.47,8.047,-2.22,15.0,629.5
2020-12-13 21:30,90.0,5.364,7.6,-2.22,15.0,629.7
2020-12-13 21:45,90.0,4.917,8.494,-2.22,15.0,629.7
2020-12-13 22:00,90.0,4.47,8.494,-2.22,15.0,629.7
2020-12-13 22:15,90.0,3.576,5.812,-2.78,15.0,629.8
2020-12-13 22:30,45.0,3.576,6.259,-2.78,15.0,629.7
2020-12-13 22:45,90.0,3.576,4.917,-2.22,15.0,629.6
2020-12-13 23:00,90.0,3.576,4.917,-2.22,15.0,629.6
2020-12-13 23:30,45.0,3.129,4.917,-2.22,15.0,629.6
2020-12-13 23:45,45.0,4.47,7.153,-2.22,15.0,629.7
2020-12-14 00:00,90.0,3.576,5.812,-2.78,15.0,629.7
2020-12-14 00:15,45.0,3.576,5.812,-2.78,15.0,629.5
2020-12-14 00:30,90.0,3.576,5.812,-2.78,15.0,629.5
2020-12-14 00:45,90.0,2.682,5.812,-3.33,15.0,629.4
2020-12-14 01:00,90.0,3.576,5.812,-3.33,15.0,629.3
2020-12-14 01:15,45.0,4.47,6.259,-3.33,15.0,629.3
2020-12-14 01:30,90.0,2.235,5.812,-3.33,15.0,629.2
2020-12-14 01:45,45.0,3.576,6.259,-3.33,15.0,629.2
2020-12-14 09:30,225.0,0.447,1.341,7.22,17.0,630.3
2020-12-14 09:45,225.0,0.894,2.235,17.78,13.0,630.4
2020-12-14 10:00,225.0,0.894,1.788,23.89,11.0,630.4
2020-12-14 10:15,225.0,1.341,2.235,26.67,11.0,630.5
2020-12-14 10:30,225.0,0.447,2.682,30.56,10.0,630.5
2020-12-14 10:45,270.0,2.235,2.235,31.67,10.0,630.5
2020-12-14 11:00,270.0,0.894,2.235,31.67,10.0,630.5
2020-12-14 11:15,270.0,0.894,3.129,32.78,10.0,630.3
2020-12-14 11:30,225.0,0.894,2.235,33.89,11.0,630.2
2020-12-14 11:45,270.0,1.341,3.129,30.56,10.0,630.1
2020-12-14 12:00,225.0,0.894,2.682,28.33,10.0,629.8
2020-12-14 12:15,225.0,1.788,2.235,30.56,11.0,629.9
2020-12-14 12:30,270.0,0.894,2.682,33.89,10.0,629.7
2020-12-14 12:45,225.0,1.788,2.682,35.56,11.0,629.8
2020-12-14 13:00,225.0,2.235,3.576,33.89,10.0,629.6
2020-12-14 13:15,225.0,0.894,2.235,36.11,11.0,629.5
2020-12-14 13:30,225.0,2.682,4.47,36.67,10.0,629.4
2020-12-14 13:45,270.0,1.788,4.47,38.33,11.0,629.2
2020-12-14 14:00,225.0,1.788,4.023,40.56,11.0,629.2
2020-12-14 14:15,225.0,3.129,4.917,40.0,10.0,629.3
2020-12-14 14:30,225.0,2.235,4.917,37.78,10.0,629.2
2020-12-14 14:45,225.0,3.576,5.812,34.44,9.0,629.1
2020-12-14 15:00,270.0,2.235,4.47,33.33,10.0,629.1
2020-12-14 15:15,270.0,3.129,5.364,30.56,9.0,629.0
2020-12-14 15:30,270.0,3.129,4.47,29.44,10.0,629.0
2020-12-14 15:45,270.0,2.235,4.023,26.67,9.0,629.0
2020-12-14 16:00,270.0,2.235,3.576,15.0,11.0,629.1
2020-12-14 16:15,270.0,2.682,4.917,10.56,12.0,629.0
2020-12-14 16:30,270.0,1.341,3.129,8.33,13.0,629.0
2020-12-14 16:45,270.0,1.341,4.47,6.67,13.0,629.0
2020-12-14 17:00,270.0,0.894,3.129,5.56,13.0,629.0
2020-12-14 17:15,270.0,1.341,2.235,4.44,14.0,629.0
2020-12-14 17:30,45.0,0.447,1.788,3.33,14.0,629.0
2020-12-14 17:45,0.0,0.894,2.682,2.78,14.0,629.0
2020-12-14 18:00,90.0,0.894,4.917,1.67,14.0,629.0
2020-12-14 18:15,135.0,2.235,3.129,1.67,14.0,629.1
2020-12-14 18:30,45.0,1.341,3.576,1.67,13.0,629.1
2020-12-14 18:45,45.0,2.682,4.47,1.11,13.0,629.2
2020-12-14 19:00,45.0,2.682,4.917,1.11,13.0,629.2
2020-12-14 19:15,90.0,2.235,4.47,1.11,13.0,629.2
2020-12-14 19:30,45.0,2.235,4.023,1.11,13.0,629.4
2020-12-14 19:45,45.0,1.788,3.129,1.11,13.0,629.4
2020-12-14 20:00,45.0,0.894,2.235,1.11,13.0,629.4
2020-12-14 20:15,45.0,1.788,3.129,0.56,13.0,629.5
2020-12-14 20:30,45.0,3.576,4.47,0.56,13.0,629.5
2020-12-14 20:45,45.0,3.576,5.364,0.56,13.0,629.5
2020-12-14 21:00,90.0,2.235,4.47,0.56,13.0,629.4
2020-12-14 21:15,45.0,2.682,3.576,0.56,13.0,629.5
2020-12-14 21:30,90.0,0.894,1.341,0.56,13.0,629.6
2020-12-14 21:45,0.0,0.0,1.341,1.11,12.0,629.6
2020-12-14 22:15,225.0,2.235,4.47,1.11,13.0,629.7
2020-12-14 22:30,270.0,3.576,7.153,1.11,13.0,629.6
2020-12-14 22:45,315.0,3.576,7.153,1.11,13.0,629.7
2020-12-14 23:00,315.0,3.576,4.917,1.11,12.0,629.6
2020-12-14 23:15,270.0,4.917,7.153,0.56,13.0,629.6
2020-12-14 23:45,270.0,3.576,7.153,0.56,12.0,629.4
2020-12-15 00:00,225.0,3.576,7.153,0.56,12.0,629.4
2020-12-15 00:15,270.0,1.788,3.129,0.56,12.0,629.5
2020-12-15 00:30,270.0,1.788,6.706,1.11,12.0,629.5
2020-12-15 00:45,225.0,2.235,3.576,1.11,12.0,629.4
2020-12-15 01:00,270.0,2.682,5.812,1.11,12.0,629.3
2020-12-15 01:15,270.0,2.682,5.364,1.11,12.0,629.3
2020-12-15 01:30,270.0,0.894,4.917,1.11,12.0,629.2
2020-12-15 01:45,225.0,2.682,4.917,1.11,12.0,629.2
2020-12-15 02:00,270.0,3.129,4.917,1.11,12.0,629.2
2020-12-15 02:15,135.0,1.341,4.917,1.11,12.0,629.1
2020-12-15 02:30,225.0,2.235,3.576,0.56,12.0,629.3
2020-12-15 02:45,270.0,4.023,6.706,0.56,12.0,629.1
2020-12-15 03:15,225.0,1.788,4.023,0.56,12.0,629.1
2020-12-15 03:45,270.0,2.682,5.364,0.56,12.0,629.1
                                                   2020-12-15 08:30,315.0,2.235,4.47,0.0,16.0,629.8
2020-12-15 08:45,270.0,3.129,4.917,2.78,14.0,629.9
2020-12-15 09:00,315.0,2.235,4.917,3.89,14.0,630.0
2020-12-15 09:15,225.0,0.894,2.235,5.0,14.0,630.1
2020-12-15 09:30,270.0,3.129,4.47,7.78,14.0,630.2
2020-12-15 09:45,225.0,0.447,3.576,9.44,14.0,630.3
2020-12-15 10:00,180.0,1.341,3.576,12.78,13.0,630.2
2020-12-15 10:15,180.0,0.894,2.235,15.0,12.0,630.1
2020-12-15 10:30,225.0,1.341,2.235,13.89,12.0,630.1
2020-12-15 10:45,225.0,2.235,4.47,13.33,12.0,630.0
2020-12-15 11:00,270.0,1.341,7.153,11.11,12.0,630.0
2020-12-15 11:15,225.0,0.894,6.259,12.22,12.0,629.9
2020-12-15 11:30,180.0,0.447,6.259,15.56,11.0,629.9
2020-12-15 11:45,270.0,1.341,5.364,18.33,10.0,629.8
2020-12-15 12:00,270.0,1.788,4.917,19.44,10.0,629.5
2020-12-15 12:15,225.0,2.235,4.917,20.0,10.0,629.6
2020-12-15 12:30,225.0,4.47,5.812,20.56,10.0,629.5
2020-12-15 12:45,45.0,0.894,5.812,21.11,10.0,629.5
2020-12-15 13:00,270.0,2.682,6.259,20.0,10.0,629.4
2020-12-15 13:15,225.0,0.0,4.917,17.22,11.0,629.4
2020-12-15 13:30,270.0,0.894,4.47,16.67,11.0,629.3
2020-12-15 13:45,270.0,0.894,5.364,14.44,11.0,629.3
2020-12-15 14:00,225.0,1.341,3.129,13.33,11.0,629.3
2020-12-15 14:15,270.0,3.129,4.917,11.67,11.0,629.3
2020-12-15 14:30,180.0,0.447,3.576,10.56,12.0,629.1
2020-12-15 14:45,225.0,1.341,5.364,10.0,12.0,629.2
2020-12-15 15:00,270.0,1.788,3.576,9.44,12.0,629.1
2020-12-15 15:15,270.0,2.682,4.917,9.44,12.0,629.1
2020-12-15 15:30,270.0,1.341,6.259,8.33,12.0,629.1
2020-12-15 15:45,225.0,0.894,3.129,7.78,12.0,629.1
2020-12-15 16:00,225.0,1.341,4.023,7.22,12.0,629.2
2020-12-15 16:15,270.0,0.894,3.576,6.11,12.0,629.1
2020-12-15 16:30,270.0,0.447,2.235,5.56,12.0,629.1
2020-12-15 16:45,225.0,1.341,2.682,5.0,12.0,629.1
2020-12-15 17:15,270.0,0.894,1.788,3.89,12.0,629.0
2020-12-15 17:30,225.0,0.894,2.235,3.33,13.0,629.0
2020-12-15 17:45,270.0,0.894,1.788,2.78,13.0,629.0
2020-12-15 18:00,225.0,2.235,3.129,2.78,13.0,629.1
2020-12-15 18:15,225.0,0.894,2.235,2.22,13.0,629.2
2020-12-15 18:30,270.0,0.894,1.788,2.22,13.0,629.2
2020-12-15 18:45,270.0,0.894,2.235,2.22,13.0,629.3
2020-12-15 19:00,270.0,1.341,4.917,2.22,13.0,629.3
2020-12-15 19:15,225.0,2.235,3.129,1.67,13.0,629.5
2020-12-15 19:30,315.0,0.894,4.47,1.67,13.0,629.4
2020-12-15 19:45,225.0,1.341,2.682,1.67,13.0,629.5
2020-12-15 20:00,270.0,2.235,5.812,1.67,13.0,629.6
2020-12-15 20:15,315.0,2.682,4.917,1.11,13.0,629.6
2020-12-15 20:30,225.0,3.129,6.259,1.11,13.0,629.7
2020-12-15 20:45,225.0,4.47,7.153,0.56,13.0,629.8
2020-12-15 21:00,270.0,3.129,7.153,0.56,13.0,629.9
2020-12-15 21:15,270.0,2.235,6.706,0.56,13.0,629.9
2020-12-15 21:30,270.0,1.341,4.47,0.0,13.0,630.0
2020-12-15 21:45,270.0,0.894,2.235,0.0,13.0,629.9
2020-12-15 22:00,315.0,2.235,3.576,0.0,13.0,629.9
2020-12-15 22:15,270.0,1.341,2.235,0.0,13.0,629.8
2020-12-15 22:30,270.0,0.894,3.576,0.0,13.0,629.9
2020-12-15 22:45,270.0,2.235,4.917,0.0,13.0,629.8
2020-12-15 23:00,315.0,1.788,6.259,0.0,13.0,629.8
2020-12-15 23:15,315.0,1.788,4.023,0.0,13.0,629.7
2020-12-15 23:30,225.0,3.576,5.812,-0.56,13.0,629.7
2020-12-15 23:45,0.0,0.894,3.129,-0.56,13.0,629.6
2020-12-16 00:00,315.0,3.576,5.812,-0.56,13.0,629.5
2020-12-16 00:15,225.0,2.235,4.023,-0.56,13.0,629.4
2020-12-16 00:30,270.0,0.894,4.917,-1.11,13.0,629.3
2020-12-16 00:45,270.0,1.341,3.576,-1.11,13.0,629.2
2020-12-16 01:00,225.0,0.447,2.682,-1.11,13.0,629.2
2020-12-16 01:15,270.0,0.894,3.576,-1.11,13.0,629.1
2020-12-16 01:30,225.0,0.894,4.917,-1.11,13.0,629.1
2020-12-16 01:45,180.0,0.894,3.129,-1.67,13.0,629.2
2020-12-16 09:30,180.0,0.894,2.235,6.67,16.0,629.3
2020-12-16 09:45,180.0,1.341,2.235,16.67,12.0,629.5
2020-12-16 10:00,180.0,1.788,2.682,22.78,11.0,629.5
2020-12-16 10:15,180.0,1.341,2.235,25.0,10.0,629.5
2020-12-16 10:30,180.0,0.894,3.576,28.89,10.0,629.5
2020-12-16 10:45,225.0,0.894,2.235,30.56,10.0,629.5
2020-12-16 11:00,225.0,1.788,3.576,31.67,10.0,629.5
2020-12-16 11:15,225.0,0.894,2.682,32.78,10.0,629.4
2020-12-16 11:30,225.0,0.894,2.235,33.89,10.0,629.3
2020-12-16 11:45,225.0,0.447,3.576,34.44,10.0,629.2
2020-12-16 12:00,270.0,1.788,6.259,35.0,9.0,629.2
2020-12-16 12:30,270.0,3.129,7.153,33.89,9.0,628.8
2020-12-16 12:45,225.0,2.235,5.812,32.78,9.0,628.6
2020-12-16 13:00,225.0,3.576,6.259,32.78,8.0,628.6
2020-12-16 13:15,225.0,2.235,8.047,33.89,8.0,628.5
2020-12-16 13:30,225.0,6.259,9.835,33.33,8.0,628.5
2020-12-16 13:45,0.0,1.788,7.153,33.89,8.0,628.3
2020-12-16 14:00,270.0,1.788,12.07,33.89,8.0,628.2
2020-12-16 14:15,225.0,4.917,12.07,33.33,7.0,628.2
2020-12-16 14:30,225.0,3.576,14.752,33.33,7.0,628.2
2020-12-16 14:45,225.0,4.023,11.176,32.78,7.0,628.3
2020-12-16 15:00,270.0,6.259,12.517,32.78,6.0,628.4
2020-12-16 15:15,225.0,3.576,8.941,31.67,6.0,628.4
2020-12-16 15:30,225.0,4.47,7.153,31.11,6.0,628.4
2020-12-16 15:45,225.0,3.129,5.812,28.33,6.0,628.3
2020-12-16 16:00,225.0,4.47,9.835,13.33,8.0,628.3
2020-12-16 16:15,270.0,4.47,10.282,7.22,9.0,628.4
2020-12-16 16:30,225.0,1.341,5.812,5.0,9.0,628.5
2020-12-16 16:45,270.0,0.894,6.259,3.33,10.0,628.4
2020-12-16 17:00,135.0,0.447,3.576,2.78,10.0,628.5
2020-12-16 17:15,225.0,2.682,5.364,1.67,10.0,628.7
2020-12-16 17:30,270.0,1.341,3.129,1.11,10.0,628.7
2020-12-16 17:45,270.0,1.788,4.47,0.56,10.0,628.9
2020-12-16 18:00,225.0,1.788,3.576,0.0,10.0,629.0
2020-12-16 18:15,270.0,0.447,1.788,0.0,10.0,629.0
2020-12-16 18:30,45.0,1.788,2.235,-0.56,10.0,629.2
2020-12-16 18:45,45.0,2.235,3.576,-1.11,10.0,629.3
2020-12-16 19:00,90.0,1.788,3.576,-1.67,10.0,629.3
2020-12-16 19:15,45.0,3.576,4.917,-1.67,10.0,629.4
2020-12-16 19:30,90.0,3.576,5.364,-2.22,10.0,629.4
2020-12-16 20:00,90.0,2.682,6.259,-2.78,10.0,629.6
2020-12-16 20:15,45.0,4.47,6.706,-2.78,10.0,629.7
2020-12-16 20:30,45.0,3.576,5.812,-2.78,10.0,629.8
2020-12-16 21:15,45.0,4.47,6.706,-3.33,10.0,630.0
2020-12-16 21:30,90.0,4.47,7.153,-3.33,10.0,630.1
2020-12-16 21:45,45.0,4.917,5.812,-3.89,10.0,630.1
2020-12-16 22:00,45.0,3.576,6.259,-3.89,10.0,630.2
2020-12-16 22:15,90.0,2.682,6.259,-3.89,10.0,630.3
2020-12-16 22:30,90.0,4.47,7.153,-3.89,10.0,630.3
2020-12-16 22:45,45.0,3.576,5.812,-3.89,10.0,630.3
2020-12-16 23:00,90.0,3.576,4.917,-3.89,10.0,630.4
2020-12-16 23:15,90.0,3.576,6.259,-3.89,10.0,630.4
2020-12-16 23:30,45.0,3.129,6.259,-4.44,10.0,630.4
2020-12-16 23:45,90.0,3.129,5.364,-4.44,10.0,630.3
2020-12-17 00:00,45.0,2.682,4.917,-4.44,10.0,630.3
2020-12-17 00:15,90.0,3.576,5.812,-4.44,10.0,630.2
2020-12-17 00:30,90.0,4.023,5.812,-4.44,10.0,630.2
2020-12-17 00:45,90.0,1.788,5.812,-5.0,10.0,630.3
2020-12-17 01:00,90.0,1.341,2.682,-5.0,10.0,630.3
2020-12-17 01:15,90.0,2.235,4.023,-5.0,10.0,630.4
2020-12-17 01:30,225.0,0.0,1.788,-5.56,10.0,630.5
2020-12-17 01:45,45.0,2.235,4.47,-5.56,10.0,630.5
2020-12-17 02:00,45.0,2.235,3.576,-6.11,10.0,630.6
2020-12-17 02:15,45.0,2.235,4.917,-5.56,10.0,630.7
2020-12-17 02:30,45.0,4.023,5.812,-6.11,10.0,630.6
2020-12-17 02:45,45.0,3.129,5.812,-6.11,10.0,630.6
2020-12-17 03:00,90.0,3.129,4.917,-6.11,10.0,630.8
2020-12-17 03:15,90.0,3.129,4.47,-6.11,10.0,630.7
2020-12-17 03:30,45.0,2.235,4.917,-6.11,10.0,630.8
2020-12-17 09:30,180.0,0.894,1.788,2.22,14.0,633.9
2020-12-17 09:45,180.0,1.341,2.235,12.22,11.0,634.0
2020-12-17 10:00,180.0,1.788,3.129,17.78,9.0,634.1
2020-12-17 10:15,225.0,0.894,1.341,22.78,8.0,634.1
2020-12-17 10:30,225.0,1.788,3.129,23.33,7.0,634.1
2020-12-17 10:45,270.0,1.788,2.682,25.0,7.0,634.0
2020-12-17 11:00,225.0,1.788,2.682,26.11,7.0,634.0
2020-12-17 11:15,225.0,1.788,3.576,27.22,7.0,633.9
2020-12-17 11:30,270.0,1.341,4.47,28.89,7.0,633.8
2020-12-17 11:45,225.0,2.235,4.917,30.0,7.0,633.5
2020-12-17 12:00,180.0,0.447,3.576,30.56,7.0,633.3
2020-12-17 12:15,225.0,2.235,3.576,32.22,7.0,633.1
2020-12-17 12:30,225.0,2.235,4.47,33.33,8.0,632.9
2020-12-17 12:45,180.0,0.0,4.917,32.78,8.0,632.7
2020-12-17 13:00,270.0,1.341,3.129,35.0,8.0,632.5
2020-12-17 13:15,315.0,0.447,2.235,33.33,8.0,632.3
2020-12-17 13:30,225.0,0.894,4.47,33.33,8.0,632.1
2020-12-17 13:45,225.0,0.894,2.682,33.89,8.0,631.8
2020-12-17 14:00,225.0,2.235,3.576,33.89,8.0,631.8
2020-12-17 14:15,225.0,0.447,4.917,33.89,8.0,631.6
2020-12-17 14:30,225.0,2.235,4.917,33.89,8.0,631.6
2020-12-17 14:45,225.0,0.894,5.364,33.33,8.0,631.4
2020-12-17 15:00,315.0,1.788,4.47,35.0,8.0,631.2
2020-12-17 15:15,270.0,2.235,4.47,34.44,8.0,631.1
2020-12-17 15:30,270.0,2.235,3.576,32.78,8.0,631.0
2020-12-17 15:45,225.0,2.235,4.917,28.33,7.0,630.9
2020-12-17 16:00,270.0,1.788,3.576,12.22,9.0,630.8
2020-12-17 16:15,270.0,2.682,3.576,6.11,11.0,630.7
2020-12-17 16:30,270.0,2.235,3.576,3.33,12.0,630.7
2020-12-17 16:45,225.0,0.894,3.576,2.22,12.0,630.6
2020-12-17 17:00,90.0,0.894,4.023,1.67,12.0,630.6
2020-12-17 17:15,90.0,3.576,6.259,0.56,12.0,630.6
2020-12-17 17:30,45.0,2.235,5.812,-0.56,12.0,630.6
2020-12-17 17:45,90.0,2.235,4.47,-1.11,12.0,630.7
2020-12-17 18:00,90.0,2.235,3.576,-1.67,12.0,630.8
2020-12-17 18:15,45.0,2.682,4.917,-2.22,12.0,630.8
2020-12-17 18:30,90.0,2.682,4.917,-2.78,12.0,630.8
2020-12-17 18:45,45.0,2.235,4.023,-2.78,12.0,630.9
2020-12-17 19:00,45.0,3.129,4.917,-3.33,11.0,631.0
2020-12-17 19:15,45.0,3.129,4.47,-3.33,11.0,631.1
2020-12-17 19:30,90.0,2.235,4.47,-3.33,11.0,631.2
2020-12-17 19:45,90.0,3.129,4.917,-3.33,11.0,631.3
2020-12-17 20:00,45.0,2.235,5.364,-3.89,11.0,631.3
2020-12-17 20:15,90.0,3.576,5.364,-3.89,11.0,631.4
2020-12-17 20:30,45.0,3.129,5.364,-3.89,11.0,631.4
2020-12-17 20:45,45.0,3.129,4.917,-4.44,11.0,631.4
2020-12-17 21:00,45.0,4.023,5.812,-4.44,11.0,631.4
2020-12-17 21:15,45.0,3.576,5.364,-4.44,11.0,631.5
2020-12-17 21:30,90.0,2.682,4.917,-4.44,11.0,631.5
2020-12-17 21:45,90.0,2.682,4.023,-4.44,11.0,631.5
2020-12-17 22:00,90.0,3.129,4.917,-4.44,11.0,631.5
2020-12-17 22:15,45.0,4.47,5.364,-5.0,11.0,631.5
2020-12-17 22:30,45.0,4.023,6.259,-5.0,11.0,631.5
2020-12-17 22:45,45.0,4.47,5.812,-5.0,11.0,631.5
2020-12-17 23:00,90.0,3.129,5.812,-5.0,11.0,631.5
2020-12-17 23:15,90.0,3.576,5.364,-5.0,11.0,631.4
2020-12-17 23:30,90.0,3.576,5.364,-5.0,11.0,631.4
2020-12-17 23:45,90.0,2.235,5.364,-5.56,11.0,631.4
2020-12-18 00:00,90.0,2.682,4.917,-5.56,11.0,631.5
2020-12-18 00:15,90.0,2.235,4.47,-5.56,11.0,631.5
2020-12-18 00:30,90.0,3.576,4.917,-5.56,11.0,631.3
2020-12-18 00:45,45.0,3.129,4.917,-5.56,11.0,631.2
2020-12-18 01:00,90.0,3.576,5.364,-6.11,11.0,631.2
2020-12-18 01:15,90.0,3.129,5.812,-6.11,11.0,631.2
2020-12-18 01:30,90.0,4.023,4.917,-6.11,11.0,631.2
2020-12-18 01:45,45.0,3.576,4.917,-6.11,11.0,631.2
2020-12-18 02:00,45.0,3.576,5.812,-6.11,11.0,631.2
2020-12-18 02:15,45.0,3.576,4.917,-6.11,11.0,631.2
2020-12-18 02:30,90.0,2.682,5.812,-6.11,11.0,631.2
2020-12-18 02:45,45.0,4.47,6.259,-6.67,11.0,631.2
2020-12-18 03:00,45.0,2.682,6.259,-6.67,11.0,631.1
2020-12-18 03:15,90.0,4.47,6.259,-6.67,11.0,631.1
2020-12-18 03:30,90.0,3.576,6.259,-6.67,11.0,631.1
2020-12-21 13:30,225.0,0.894,3.129,10.0,10.0,634.2
2020-12-21 13:45,270.0,1.788,3.129,27.22,4.0,634.1
